time,open,high,low,close,tick_volume,spread,real_volume,ticker
2017-11-30,4019.781,4076.641,4012.982,4056.864,49736,1,470310,DOL$
2017-12-01,4064.28,4072.315,4027.198,4038.94,41241,1,356980,DOL$
2017-12-04,4040.177,4043.267,4017.309,4020.399,25874,1,240655,DOL$
2017-12-05,4021.635,4022.871,3990.733,4016.691,34507,1,333520,DOL$
2017-12-06,4021.017,4025.961,3996.913,4009.274,28863,1,272735,DOL$
2017-12-07,4025.343,4111.87,4023.489,4077.259,49089,1,462025,DOL$
2017-12-08,4058.718,4101.981,4045.739,4077.877,37203,1,336635,DOL$
2017-12-11,4071.697,4095.183,4053.774,4093.329,23297,1,209325,DOL$
2017-12-12,4089.002,4128.557,4084.058,4094.565,33295,1,363525,DOL$
2017-12-13,4076.641,4125.467,4070.461,4097.655,44144,1,457335,DOL$
2017-12-14,4110.016,4142.772,4097.655,4136.592,37728,1,352880,DOL$
2017-12-15,4129.175,4130.411,4077.259,4077.259,30894,1,321670,DOL$
2017-12-18,4081.586,4084.676,4056.864,4073.551,27406,1,301180,DOL$
2017-12-19,4080.968,4092.093,4061.808,4070.461,27981,1,316330,DOL$
2017-12-20,4066.753,4081.586,4058.718,4079.114,24388,1,265645,DOL$
2017-12-21,4072.933,4102.599,4071.079,4092.093,32278,1,353970,DOL$
2017-12-22,4087.766,4128.557,4084.676,4124.849,25419,1,312815,DOL$
2017-12-26,4115.578,4119.287,4087.148,4092.093,16203,1,191850,DOL$
2017-12-27,4085.294,4106.308,4071.697,4097.655,20416,1,232560,DOL$
2017-12-28,4084.74,4103.805,4068.136,4095.81,22952,1,265425,DOL$
2018-01-02,4068.136,4068.751,4020.167,4023.242,27200,1,321885,DOL$
2018-01-03,4010.942,4031.236,3990.032,3994.952,31323,1,325345,DOL$
2018-01-04,3990.032,4002.332,3976.503,3992.492,27259,1,286155,DOL$
2018-01-05,3993.107,4009.097,3980.808,3984.497,29902,1,274765,DOL$
2018-01-08,3986.342,4003.562,3978.348,3998.642,25387,1,244410,DOL$
2018-01-09,3999.872,4016.477,3984.497,4007.252,33835,1,303760,DOL$
2018-01-10,4013.402,4016.477,3980.193,3982.037,32794,1,329775,DOL$
2018-01-11,3986.957,3991.877,3960.513,3964.818,30595,1,321660,DOL$
2018-01-12,3969.123,3980.808,3943.908,3952.518,37079,1,351350,DOL$
2018-01-15,3941.448,3966.663,3934.684,3964.818,18418,1,180575,DOL$
2018-01-16,3962.973,3990.032,3959.283,3974.043,34878,1,308815,DOL$
2018-01-17,3980.193,3991.262,3958.668,3972.813,29288,1,307440,DOL$
2018-01-18,3967.278,3974.043,3945.753,3951.288,34399,1,352205,DOL$
2018-01-19,3951.903,3959.898,3935.914,3938.373,26495,1,265160,DOL$
2018-01-22,3934.684,3955.593,3921.769,3944.523,30462,1,296610,DOL$
2018-01-23,3954.363,3994.952,3951.903,3986.342,39206,1,388245,DOL$
2018-01-24,3969.738,3978.963,3859.655,3874.415,52267,1,503755,DOL$
2018-01-26,3855.965,3884.255,3841.206,3879.95,49205,1,499980,DOL$
2018-01-29,3888.56,3903.319,3881.795,3882.41,36889,1,337095,DOL$
2018-01-30,3880.565,3930.994,3873.185,3913.774,39034,1,431675,DOL$
2018-01-31,3892.327,3927.868,3867.203,3916.225,53474,1,557520,DOL$
2018-02-01,3926.029,3929.706,3886.812,3892.94,38349,1,353490,DOL$
2018-02-02,3920.514,3962.183,3912.548,3955.442,42641,1,392180,DOL$
2018-02-05,3952.379,4023.46,3949.928,4009.366,43919,1,411440,DOL$
2018-02-06,4003.851,4028.362,3971.987,3975.051,65066,1,593955,DOL$
2018-02-07,3994.047,4034.49,3978.115,4019.171,48443,1,435695,DOL$
2018-02-08,4026.524,4057.163,4000.175,4036.328,61216,1,546020,DOL$
2018-02-09,4022.847,4076.159,4013.656,4045.52,58200,1,520200,DOL$
2018-02-14,4041.231,4049.197,3949.315,3955.442,32989,1,304035,DOL$
2018-02-15,3935.221,3978.728,3927.255,3968.311,38801,1,367035,DOL$
2018-02-16,3976.889,3985.468,3930.319,3964.634,39647,1,347270,DOL$
2018-02-19,3960.345,3973.213,3954.217,3973.213,13388,1,122010,DOL$
2018-02-20,3984.243,4001.4,3975.051,3994.047,33855,1,313690,DOL$
2018-02-21,3996.498,4014.269,3977.502,4013.656,36474,1,338085,DOL$
2018-02-22,4005.077,4014.881,3976.277,3984.243,38701,1,391040,DOL$
2018-02-23,3979.341,3986.081,3963.409,3971.987,27047,1,280690,DOL$
2018-02-26,3967.085,3974.438,3950.54,3952.379,25428,1,255770,DOL$
2018-02-27,3954.217,3990.37,3949.928,3987.919,37795,1,385500,DOL$
2018-02-28,3979.368,3986.087,3965.931,3980.59,36001,1,409190,DOL$
2018-03-01,3988.53,4009.908,3969.595,3984.255,56426,1,475830,DOL$
2018-03-02,3994.027,4003.189,3979.979,3984.255,32406,1,312740,DOL$
2018-03-05,3990.973,3997.081,3970.206,3972.039,20944,1,206865,DOL$
2018-03-06,3955.547,3957.379,3926.228,3930.504,33677,1,335850,DOL$
2018-03-07,3949.439,3976.925,3943.331,3972.649,33230,1,336675,DOL$
2018-03-08,3978.757,4003.189,3966.541,4000.746,32770,1,302665,DOL$
2018-03-09,3992.806,4005.022,3965.32,3987.309,31982,1,287680,DOL$
2018-03-12,3981.201,3997.081,3978.147,3990.973,21304,1,229585,DOL$
2018-03-13,3992.806,3994.638,3961.044,3987.309,39150,1,402385,DOL$
2018-03-14,3974.482,3995.249,3970.206,3986.698,27473,1,269350,DOL$
2018-03-15,3997.692,4031.897,3997.081,4017.849,38776,1,386155,DOL$
2018-03-16,4028.843,4034.951,4001.357,4011.741,32738,1,317745,DOL$
2018-03-19,4030.065,4030.065,4013.573,4016.627,31328,1,296060,DOL$
2018-03-20,4012.962,4048.999,4008.687,4048.389,36169,1,354730,DOL$
2018-03-21,4033.729,4042.891,3989.752,4001.357,40761,1,404960,DOL$
2018-03-22,4012.962,4054.497,4007.465,4052.053,41752,1,390370,DOL$
2018-03-23,4053.275,4055.718,4025.178,4047.167,42977,1,428305,DOL$
2018-03-26,4027.621,4048.389,4023.346,4045.335,31843,1,386175,DOL$
2018-03-27,4042.891,4073.432,4042.281,4061.215,42423,1,423730,DOL$
2018-03-28,4061.215,4085.648,4055.107,4056.94,44135,1,516095,DOL$
2018-03-29,4057.549,4066.079,4021.604,4036.835,43013,1,463140,DOL$
2018-04-02,4040.49,4059.377,4027.087,4042.927,28958,1,277130,DOL$
2018-04-03,4042.318,4083.137,4034.398,4079.482,37060,1,339510,DOL$
2018-04-04,4100.196,4111.162,4061.814,4064.251,40617,1,369530,DOL$
2018-04-05,4023.432,4088.62,4023.432,4083.137,44238,1,422110,DOL$
2018-04-06,4089.23,4125.784,4083.747,4111.162,51674,1,497965,DOL$
2018-04-09,4106.288,4179.397,4105.07,4177.57,49010,1,472305,DOL$
2018-04-10,4161.729,4194.019,4151.982,4161.12,48771,1,468995,DOL$
2018-04-11,4167.822,4178.179,4116.036,4118.473,40644,1,411635,DOL$
2018-04-12,4112.381,4173.305,4106.898,4164.166,36308,1,375680,DOL$
2018-04-13,4150.763,4186.099,4145.889,4176.351,33557,1,346180,DOL$
2018-04-16,4173.305,4192.192,4156.856,4171.477,27431,1,269965,DOL$
2018-04-17,4170.868,4173.305,4135.532,4158.074,30891,1,299090,DOL$
2018-04-18,4144.061,4150.154,4114.209,4122.738,32656,1,331840,DOL$
2018-04-19,4125.784,4159.292,4123.347,4127.612,35962,1,362300,DOL$
2018-04-20,4137.969,4167.213,4137.36,4162.339,33131,1,330625,DOL$
2018-04-23,4185.49,4211.078,4175.742,4209.25,34721,1,332290,DOL$
2018-04-24,4192.801,4243.977,4189.145,4234.229,44548,1,480235,DOL$
2018-04-25,4270.784,4285.405,4243.977,4247.023,53393,1,514490,DOL$
2018-04-26,4250.679,4275.048,4234.838,4236.666,48100,1,506305,DOL$
2018-04-27,4228.137,4242.149,4212.296,4212.296,35473,1,407260,DOL$
2018-04-30,4226.255,4272.377,4217.758,4269.949,32626,1,325570,DOL$
2018-05-02,4293.617,4326.995,4282.087,4322.747,50331,1,506955,DOL$
2018-05-03,4284.514,4341.56,4284.514,4294.831,50117,1,446815,DOL$
2018-05-04,4306.362,4318.499,4276.625,4296.045,41510,1,390175,DOL$
2018-05-07,4313.037,4329.423,4303.327,4320.32,28498,1,265905,DOL$
2018-05-08,4331.243,4371.904,4325.782,4334.885,48024,1,417700,DOL$
2018-05-09,4334.278,4390.11,4329.423,4368.263,43421,1,423735,DOL$
2018-05-10,4353.698,4358.553,4308.789,4318.499,39816,1,381885,DOL$
2018-05-11,4316.072,4391.931,4310.003,4378.579,43347,1,378635,DOL$
2018-05-14,4351.27,4425.308,4343.988,4404.675,41999,1,364505,DOL$
2018-05-15,4438.66,4488.423,4427.129,4439.873,59527,1,522300,DOL$
2018-05-16,4453.225,4490.851,4450.19,4467.183,45432,1,383755,DOL$
2018-05-17,4433.805,4511.484,4433.805,4491.457,50764,1,448880,DOL$
2018-05-18,4509.057,4588.557,4509.057,4540.614,56243,1,469525,DOL$
2018-05-21,4494.492,4527.87,4462.328,4467.183,43406,1,399960,DOL$
2018-05-22,4448.976,4450.797,4408.316,4430.163,44591,1,409500,DOL$
2018-05-23,4460.507,4467.789,4393.144,4405.282,50710,1,454880,DOL$
2018-05-24,4437.446,4438.66,4407.709,4425.915,38353,1,355650,DOL$
2018-05-25,4442.301,4465.362,4420.453,4431.984,39724,1,401925,DOL$
2018-05-28,4447.156,4546.683,4444.728,4535.152,26710,1,269560,DOL$
2018-05-29,4566.103,4577.026,4506.629,4523.015,49391,1,493480,DOL$
2018-05-30,4484.294,4573.23,4480.059,4519.99,52585,1,592755,DOL$
2018-06-01,4543.585,4575.65,4516.36,4567.785,39990,1,372635,DOL$
2018-06-04,4547.82,4555.685,4521.805,4545.4,28411,1,273060,DOL$
2018-06-05,4567.18,4631.916,4559.315,4605.295,54749,1,522870,DOL$
2018-06-06,4622.236,4676.686,4614.975,4666.401,45415,1,405240,DOL$
2018-06-07,4682.736,4812.207,4668.821,4733.556,57751,1,576010,DOL$
2018-06-08,4664.586,4679.106,4481.269,4498.815,72315,1,714925,DOL$
2018-06-11,4505.47,4523.015,4454.044,4499.42,42952,1,443510,DOL$
2018-06-12,4504.865,4521.2,4450.414,4506.075,35355,1,370995,DOL$
2018-06-13,4493.975,4529.67,4466.144,4508.495,39239,1,424580,DOL$
2018-06-14,4485.504,4623.446,4466.749,4610.74,48060,1,508060,DOL$
2018-06-15,4561.735,4610.135,4502.445,4519.99,44320,1,468275,DOL$
2018-06-18,4537.535,4561.735,4519.385,4540.56,26676,1,270335,DOL$
2018-06-19,4583.515,4585.935,4503.655,4539.35,30231,1,299560,DOL$
2018-06-20,4536.325,4585.935,4488.53,4566.575,36298,1,361765,DOL$
2018-06-21,4591.985,4605.9,4543.585,4564.76,37600,1,362390,DOL$
2018-06-22,4547.82,4587.145,4524.225,4581.095,25374,1,256970,DOL$
2018-06-25,4573.23,4584.12,4553.265,4570.205,22415,1,255775,DOL$
2018-06-26,4581.095,4603.48,4553.265,4596.825,25125,1,294655,DOL$
2018-06-27,4590.775,4693.626,4587.75,4671.846,32581,1,349635,DOL$
2018-06-28,4658.536,4693.021,4640.386,4677.896,35090,1,385805,DOL$
2018-06-29,4657.363,4700.845,4639.246,4697.825,33342,1,356260,DOL$
2018-07-02,4715.942,4747.346,4700.845,4740.703,24644,1,261370,DOL$
2018-07-03,4704.468,4725.605,4690.578,4720.774,23022,1,229095,DOL$
2018-07-04,4723.189,4746.742,4706.28,4738.891,13697,1,119425,DOL$
2018-07-05,4718.962,4773.918,4706.28,4762.444,27796,1,281415,DOL$
2018-07-06,4774.522,4786.6,4674.272,4678.5,32498,1,295260,DOL$
2018-07-10,4703.26,4705.072,4592.744,4621.128,37199,1,380240,DOL$
2018-07-11,4648.908,4703.26,4616.901,4693.598,37165,1,344445,DOL$
2018-07-12,4668.233,4723.793,4643.473,4699.637,36395,1,363495,DOL$
2018-07-13,4703.864,4720.774,4652.532,4659.779,32508,1,302360,DOL$
2018-07-16,4646.493,4685.747,4640.453,4670.045,26571,1,241425,DOL$
2018-07-17,4683.935,4692.994,4643.473,4643.473,28557,1,264155,DOL$
2018-07-18,4660.986,4673.669,4619.92,4658.571,30243,1,291935,DOL$
2018-07-19,4680.312,4708.092,4623.544,4632.603,40102,1,364275,DOL$
2018-07-20,4609.654,4613.881,4545.639,4557.718,37330,1,359270,DOL$
2018-07-23,4564.965,4597.576,4560.737,4572.815,24312,1,235945,DOL$
2018-07-24,4560.737,4565.568,4511.216,4530.542,32668,1,315105,DOL$
2018-07-25,4513.028,4513.632,4457.468,4457.468,33433,1,325800,DOL$
2018-07-26,4474.982,4529.334,4470.151,4526.314,30117,1,309955,DOL$
2018-07-27,4520.879,4523.295,4478.001,4481.021,28141,1,297500,DOL$
2018-07-30,4465.319,4508.197,4464.715,4500.346,24192,1,270555,DOL$
2018-07-31,4488.939,4535.167,4487.138,4524.361,37867,1,351950,DOL$
2018-08-01,4523.16,4541.771,4494.943,4517.156,29609,1,290080,DOL$
2018-08-02,4549.576,4556.18,4517.156,4518.357,27192,1,247465,DOL$
2018-08-03,4511.153,4517.757,4457.12,4465.525,33906,1,332630,DOL$
2018-08-06,4456.519,4500.946,4445.713,4500.946,22933,1,207180,DOL$
2018-08-07,4475.731,4541.771,4458.921,4517.757,39418,1,374075,DOL$
2018-08-08,4526.762,4542.372,4496.744,4540.571,33829,1,308270,DOL$
2018-08-09,4562.184,4598.806,4546.574,4575.992,38975,1,353275,DOL$
2018-08-10,4616.217,4662.445,4603.609,4644.434,46976,1,415870,DOL$
2018-08-13,4684.659,4728.485,4667.248,4673.852,51992,1,452735,DOL$
2018-08-14,4645.635,4696.065,4643.233,4652.239,45403,1,391210,DOL$
2018-08-15,4691.263,4724.883,4666.648,4694.865,51357,1,473670,DOL$
2018-08-16,4675.053,4722.482,4652.239,4699.067,44383,1,407975,DOL$
2018-08-17,4728.485,4754.301,4701.469,4705.671,44319,1,403000,DOL$
2018-08-20,4711.075,4775.914,4706.872,4771.111,34916,1,299140,DOL$
2018-08-21,4758.504,4871.973,4755.502,4868.971,53765,1,483655,DOL$
2018-08-22,4862.967,4917.0,4846.157,4856.964,57111,1,496030,DOL$
2018-08-23,4886.382,4961.427,4856.363,4944.617,50929,1,430325,DOL$
2018-08-24,4919.402,4966.831,4895.387,4932.009,46308,1,418575,DOL$
2018-08-27,4936.812,4946.418,4865.969,4903.192,35180,1,299895,DOL$
2018-08-28,4892.986,4983.041,4882.779,4974.035,45877,1,390140,DOL$
2018-08-29,5002.252,5003.453,4930.809,4935.011,47014,1,411405,DOL$
2018-08-30,4951.221,5061.689,4947.619,4983.041,63257,1,569060,DOL$
2018-08-31,4983.041,4992.577,4844.159,4844.159,57903,1,511120,DOL$
2018-09-03,4895.42,4972.908,4881.711,4968.139,22735,1,209285,DOL$
2018-09-04,5008.075,5012.247,4944.893,4972.312,49970,1,420075,DOL$
2018-09-05,4994.366,5002.114,4913.898,4952.642,42874,1,367845,DOL$
2018-09-06,4940.124,4975.888,4822.701,4850.716,48897,1,419415,DOL$
2018-09-10,4855.484,4929.991,4841.775,4881.115,38727,1,317205,DOL$
2018-09-11,4940.72,4989.597,4935.356,4958.006,39448,1,344805,DOL$
2018-09-12,4923.435,4974.696,4907.341,4969.927,38183,1,333350,DOL$
2018-09-13,4948.469,5025.361,4925.819,5023.572,43169,1,389355,DOL$
2018-09-14,5021.784,5027.149,4964.563,4982.445,35584,1,308555,DOL$
2018-09-17,4996.154,5017.016,4913.302,4934.76,36485,1,318945,DOL$
2018-09-18,4927.011,4969.927,4915.686,4967.543,35038,1,294445,DOL$
2018-09-19,4979.464,4983.041,4891.248,4923.435,35212,1,308245,DOL$
2018-09-20,4905.553,4917.474,4855.484,4862.637,37575,1,364420,DOL$
2018-09-21,4869.79,4885.287,4804.819,4832.834,40058,1,388950,DOL$
2018-09-24,4842.371,4885.287,4813.76,4879.923,34209,1,311490,DOL$
2018-09-25,4918.666,4938.336,4850.12,4860.253,40232,1,400915,DOL$
2018-09-26,4863.233,4880.519,4779.785,4810.184,47011,1,456500,DOL$
2018-09-27,4816.144,4834.026,4728.524,4785.746,46779,1,593990,DOL$
2018-09-28,4815.493,4838.101,4756.593,4826.797,50454,1,482535,DOL$
2018-10-01,4820.252,4844.645,4775.036,4791.695,34729,1,350505,DOL$
2018-10-02,4753.618,4767.302,4657.237,4700.668,51927,1,475160,DOL$
2018-10-03,4596.553,4675.681,4557.881,4651.883,64630,1,582520,DOL$
2018-10-04,4676.275,4691.744,4617.971,4619.161,47524,1,438235,DOL$
2018-10-05,4581.084,4643.553,4574.54,4574.54,40256,1,381040,DOL$
2018-10-08,4444.247,4509.691,4422.234,4500.171,46001,1,445795,DOL$
2018-10-09,4509.691,4518.615,4411.525,4428.778,45921,1,425900,DOL$
2018-10-10,4452.576,4491.842,4438.297,4476.374,44312,1,405445,DOL$
2018-10-11,4430.563,4512.665,4426.398,4509.096,47347,1,409775,DOL$
2018-10-15,4476.969,4485.893,4424.018,4450.791,31283,1,274590,DOL$
2018-10-16,4435.917,4444.247,4396.651,4438.297,35344,1,323280,DOL$
2018-10-17,4456.145,4462.095,4364.524,4391.891,38703,1,366080,DOL$
2018-10-18,4398.436,4444.247,4374.638,4432.348,41153,1,353745,DOL$
2018-10-19,4412.119,4437.702,4391.296,4423.423,33329,1,308370,DOL$
2018-10-22,4400.815,4429.373,4369.283,4390.701,30481,1,297090,DOL$
2018-10-23,4396.651,4431.753,4388.917,4396.651,36030,1,326835,DOL$
2018-10-24,4402.6,4459.12,4382.967,4443.057,40526,1,378955,DOL$
2018-10-25,4423.423,4443.057,4382.967,4412.119,38861,1,400940,DOL$
2018-10-26,4432.348,4439.487,4332.397,4335.966,45591,1,417105,DOL$
2018-10-29,4266.953,4429.968,4262.788,4424.018,63111,1,603605,DOL$
2018-10-30,4391.891,4446.031,4375.828,4398.436,53192,1,545565,DOL$
2018-10-31,4382.42,4454.788,4381.827,4426.908,49940,1,491390,DOL$
2018-11-01,4397.249,4415.045,4375.302,4395.47,37888,1,345590,DOL$
2018-11-05,4390.724,4436.992,4387.758,4429.281,31259,1,289620,DOL$
2018-11-06,4430.467,4480.888,4430.467,4470.211,37970,1,331055,DOL$
2018-11-07,4436.992,4501.056,4423.942,4434.62,41968,1,408050,DOL$
2018-11-08,4444.111,4471.397,4416.231,4467.245,36826,1,353700,DOL$
2018-11-09,4478.515,4485.04,4426.315,4434.62,36516,1,337060,DOL$
2018-11-12,4452.415,4477.922,4438.772,4474.956,24003,1,215050,DOL$
2018-11-13,4464.279,4552.07,4459.533,4517.072,49389,1,487720,DOL$
2018-11-14,4509.36,4536.647,4473.77,4493.938,50707,1,500275,DOL$
2018-11-16,4481.481,4491.565,4429.281,4444.704,36823,1,309670,DOL$
2018-11-19,4447.077,4477.922,4442.924,4459.533,25886,1,265640,DOL$
2018-11-21,4476.142,4513.513,4471.397,4506.395,35382,1,349800,DOL$
2018-11-22,4496.904,4539.613,4496.904,4509.954,20953,1,194880,DOL$
2018-11-23,4527.156,4545.545,4503.429,4541.392,24520,1,234400,DOL$
2018-11-26,4531.901,4681.976,4529.529,4672.485,49677,1,456170,DOL$
2018-11-27,4654.69,4655.876,4582.915,4597.151,40459,1,359690,DOL$
2018-11-28,4604.269,4611.981,4544.951,4566.306,43514,1,417020,DOL$
2018-11-29,4558.001,4595.965,4546.731,4568.085,37125,1,420000,DOL$
2018-11-30,4574.003,4607.139,4547.967,4572.819,47072,1,457240,DOL$
2018-12-03,4527.848,4555.659,4519.564,4549.15,33614,1,301860,DOL$
2018-12-04,4533.766,4581.103,4522.523,4562.168,37638,1,350600,DOL$
2018-12-05,4556.251,4600.038,4542.641,4582.878,28550,1,256930,DOL$
2018-12-06,4611.873,4670.453,4587.02,4594.713,50881,1,458575,DOL$
2018-12-07,4595.896,4648.559,4568.677,4627.257,40671,1,365020,DOL$
2018-12-10,4623.115,4672.228,4608.322,4639.684,35434,1,322455,DOL$
2018-12-11,4622.524,4646.784,4605.364,4623.707,30387,1,306705,DOL$
2018-12-12,4613.056,4617.198,4543.233,4564.535,38688,1,380240,DOL$
2018-12-13,4567.494,4615.423,4560.985,4607.139,32386,1,293980,DOL$
2018-12-14,4631.4,4642.051,4604.772,4637.317,29252,1,270295,DOL$
2018-12-17,4626.666,4650.335,4591.754,4615.423,29698,1,288070,DOL$
2018-12-18,4614.24,4636.725,4597.671,4630.808,32613,1,373710,DOL$
2018-12-19,4617.198,4631.4,4573.411,4611.873,34659,1,364265,DOL$
2018-12-20,4578.145,4587.02,4536.724,4546.783,34045,1,337175,DOL$
2018-12-21,4563.352,4621.34,4549.742,4617.79,31618,1,337770,DOL$
2018-12-26,4615.423,4659.802,4606.547,4637.908,25869,1,278720,DOL$
2018-12-27,4643.826,4662.761,4579.328,4584.654,29953,1,285395,DOL$
2018-12-28,4590.565,4611.845,4535.0,4602.978,32860,1,371325,DOL$
2019-01-02,4596.476,4615.391,4480.618,4481.209,38817,1,363175,DOL$
2019-01-03,4497.169,4510.174,4427.418,4448.698,38959,1,379740,DOL$
2019-01-04,4433.329,4481.8,4392.543,4399.636,44405,1,424345,DOL$
2019-01-07,4400.227,4425.645,4368.898,4423.28,38030,1,366160,DOL$
2019-01-08,4427.418,4430.965,4384.858,4395.498,31926,1,294280,DOL$
2019-01-09,4388.405,4393.134,4350.574,4357.076,35608,1,348375,DOL$
2019-01-10,4370.08,4409.685,4350.574,4392.543,37542,1,382785,DOL$
2019-01-11,4373.036,4413.823,4369.489,4391.952,31380,1,289240,DOL$
2019-01-14,4400.227,4419.143,4359.44,4375.992,32481,1,292965,DOL$
2019-01-15,4382.494,4415.596,4371.263,4397.272,33842,1,320170,DOL$
2019-01-16,4395.498,4421.507,4387.223,4419.734,33020,1,286920,DOL$
2019-01-17,4417.96,4464.067,4408.503,4435.694,42757,1,412590,DOL$
2019-01-18,4431.556,4462.885,4408.503,4438.649,35536,1,311730,DOL$
2019-01-21,4446.334,4471.16,4439.832,4439.832,14562,1,136745,DOL$
2019-01-22,4454.609,4515.494,4430.374,4515.494,41735,1,359595,DOL$
2019-01-23,4493.031,4508.4,4442.196,4454.018,38789,1,358580,DOL$
2019-01-24,4462.294,4487.711,4420.916,4460.52,42221,1,391985,DOL$
2019-01-28,4466.431,4477.663,4435.103,4446.925,32974,1,354970,DOL$
2019-01-29,4450.472,4451.654,4392.543,4397.863,32935,1,361100,DOL$
2019-01-30,4391.952,4412.049,4343.48,4355.894,40753,1,406840,DOL$
2019-01-31,4336.435,4349.407,4296.337,4305.182,50412,1,566605,DOL$
2019-02-01,4314.027,4348.818,4292.209,4322.283,37353,1,381110,DOL$
2019-02-04,4330.538,4355.894,4322.872,4332.897,28460,1,258030,DOL$
2019-02-05,4328.179,4351.176,4324.052,4332.307,25770,1,282385,DOL$
2019-02-06,4347.638,4387.736,4347.638,4367.098,34554,1,332145,DOL$
2019-02-07,4374.763,4413.681,4370.046,4390.095,43975,1,435590,DOL$
2019-02-08,4385.967,4426.654,4372.994,4404.836,35639,1,385370,DOL$
2019-02-11,4411.912,4457.907,4402.478,4437.858,34370,1,358250,DOL$
2019-02-12,4423.116,4424.885,4371.815,4380.07,37724,1,392530,DOL$
2019-02-13,4385.967,4441.396,4383.608,4432.551,35189,1,411170,DOL$
2019-02-14,4427.244,4480.314,4384.788,4395.402,50821,1,554115,DOL$
2019-02-15,4393.633,4398.35,4366.508,4367.687,34771,1,315080,DOL$
2019-02-18,4390.684,4416.63,4380.07,4406.016,17904,1,173315,DOL$
2019-02-19,4410.733,4418.989,4370.636,4394.222,30296,1,307855,DOL$
2019-02-20,4389.505,4409.554,4354.125,4395.402,41417,1,387510,DOL$
2019-02-21,4390.095,4450.241,4382.429,4446.113,44378,1,419015,DOL$
2019-02-22,4433.73,4441.986,4395.991,4421.347,33829,1,312325,DOL$
2019-02-25,4404.836,4424.885,4387.146,4424.885,28253,1,273760,DOL$
2019-02-26,4427.244,4441.986,4409.554,4415.45,41192,1,381165,DOL$
2019-02-27,4416.63,4418.989,4388.915,4397.171,37544,1,391100,DOL$
2019-02-28,4404.233,4431.303,4382.459,4423.064,51573,1,532470,DOL$
2019-03-01,4420.71,4474.851,4416.002,4449.546,42049,1,391845,DOL$
2019-03-06,4476.028,4532.523,4457.196,4526.638,29817,1,281565,DOL$
2019-03-07,4525.461,4600.787,4498.979,4563.124,58093,1,551055,DOL$
2019-03-08,4558.416,4600.787,4537.819,4557.828,42779,1,386340,DOL$
2019-03-11,4541.938,4549.0,4518.399,4523.695,31688,1,305170,DOL$
2019-03-12,4527.226,4530.169,4480.736,4491.917,35440,1,319205,DOL$
2019-03-13,4477.205,4518.399,4476.616,4494.271,40623,1,390070,DOL$
2019-03-14,4503.098,4541.35,4497.213,4526.638,35126,1,341015,DOL$
2019-03-15,4519.576,4560.181,4484.855,4490.74,40629,1,388895,DOL$
2019-03-18,4481.913,4507.806,4456.608,4466.612,30940,1,276005,DOL$
2019-03-19,4456.608,4474.262,4433.657,4461.316,35470,1,341815,DOL$
2019-03-20,4454.842,4473.085,4401.879,4444.838,47144,1,454965,DOL$
2019-03-21,4453.665,4518.399,4431.891,4464.847,60595,1,536270,DOL$
2019-03-22,4554.885,4610.791,4537.23,4599.61,70063,1,585515,DOL$
2019-03-25,4633.742,4634.919,4525.461,4533.7,53052,1,490500,DOL$
2019-03-26,4531.346,4566.655,4513.691,4563.712,44155,1,390550,DOL$
2019-03-27,4606.672,4709.657,4596.079,4700.241,69327,1,648010,DOL$
2019-03-28,4699.064,4728.489,4588.429,4591.96,61086,1,583260,DOL$
2019-03-29,4567.887,4627.775,4550.273,4612.509,48157,1,458035,DOL$
2019-04-01,4579.63,4580.217,4528.549,4532.072,31385,1,318505,DOL$
2019-04-02,4532.072,4563.777,4527.962,4533.247,33926,1,356390,DOL$
2019-04-03,4510.348,4566.713,4509.174,4551.448,35532,1,335025,DOL$
2019-04-04,4553.796,4573.759,4526.788,4531.485,35567,1,327280,DOL$
2019-04-05,4535.595,4560.842,4520.33,4554.97,31765,1,268450,DOL$
2019-04-08,4548.512,4559.667,4519.155,4527.375,29277,1,262805,DOL$
2019-04-09,4529.137,4544.402,4523.265,4527.375,29690,1,289175,DOL$
2019-04-10,4510.348,4525.027,4485.689,4498.019,35406,1,334090,DOL$
2019-04-11,4511.523,4542.053,4504.477,4535.008,33082,1,304725,DOL$
2019-04-12,4565.539,4593.721,4537.356,4562.016,44114,1,402280,DOL$
2019-04-15,4563.19,4573.171,4536.182,4550.86,34749,1,321625,DOL$
2019-04-16,4556.145,4592.547,4553.796,4587.85,33594,1,317465,DOL$
2019-04-17,4571.41,4639.517,4567.3,4624.839,44326,1,390990,DOL$
2019-04-18,4610.161,4644.214,4588.437,4603.702,36812,1,371700,DOL$
2019-04-22,4612.509,4628.362,4598.418,4624.252,21858,1,199725,DOL$
2019-04-23,4619.555,4657.131,4596.657,4605.464,41951,1,383450,DOL$
2019-04-24,4604.289,4691.772,4603.702,4689.424,52208,1,493055,DOL$
2019-04-25,4702.341,4707.038,4635.995,4640.692,43264,1,388465,DOL$
2019-04-26,4648.324,4669.461,4604.289,4614.858,41082,1,430100,DOL$
2019-04-29,4611.922,4635.407,4604.289,4635.407,28628,1,287695,DOL$
2019-04-30,4617.246,4648.883,4596.74,4602.013,40727,1,391500,DOL$
2019-05-02,4621.347,4665.287,4611.973,4661.186,39209,1,388685,DOL$
2019-05-03,4655.913,4660.6,4617.246,4626.034,35144,1,302280,DOL$
2019-05-06,4655.913,4668.216,4636.579,4657.671,31557,1,307470,DOL$
2019-05-07,4655.913,4697.51,4655.327,4663.529,49567,1,426360,DOL$
2019-05-08,4671.731,4672.317,4609.043,4612.559,50095,1,431755,DOL$
2019-05-09,4631.892,4674.075,4616.66,4634.236,54116,1,453740,DOL$
2019-05-10,4630.721,4664.701,4621.347,4637.751,48154,1,446435,DOL$
2019-05-13,4664.701,4701.025,4663.529,4691.651,58718,1,478275,DOL$
2019-05-14,4686.964,4689.308,4655.327,4667.63,42426,1,401745,DOL$
2019-05-15,4698.682,4719.773,4663.529,4696.924,53655,1,454515,DOL$
2019-05-16,4696.924,4757.854,4687.55,4750.824,49483,1,424255,DOL$
2019-05-17,4761.956,4825.815,4749.652,4811.755,62571,1,557795,DOL$
2019-05-20,4795.936,4835.775,4784.219,4805.896,46152,1,405970,DOL$
2019-05-21,4800.037,4824.644,4730.904,4737.935,51209,1,473910,DOL$
2019-05-22,4737.935,4751.41,4699.267,4738.521,48324,1,450390,DOL$
2019-05-23,4757.269,4773.673,4720.359,4739.107,46398,1,403990,DOL$
2019-05-24,4736.177,4745.551,4699.853,4717.429,37976,1,343595,DOL$
2019-05-27,4705.712,4739.692,4694.58,4739.692,17492,1,170965,DOL$
2019-05-28,4739.692,4751.41,4701.025,4718.015,43769,1,376125,DOL$
2019-05-29,4733.834,4735.591,4650.64,4657.671,45716,1,444990,DOL$
2019-05-30,4652.984,4679.934,4634.236,4665.873,46057,1,446265,DOL$
2019-05-31,4681.648,4683.4,4578.819,4598.099,65599,1,606375,DOL$
2019-06-03,4603.942,4607.447,4546.684,4550.19,43646,1,371930,DOL$
2019-06-04,4552.527,4553.696,4506.955,4513.382,44803,1,381560,DOL$
2019-06-05,4515.719,4568.886,4492.933,4542.595,54140,1,497840,DOL$
2019-06-06,4534.415,4550.774,4514.55,4541.426,40022,1,337665,DOL$
2019-06-07,4542.595,4548.437,4505.786,4537.921,37158,1,312715,DOL$
2019-06-10,4557.201,4563.044,4525.651,4547.269,29546,1,258390,DOL$
2019-06-11,4540.842,4545.516,4495.854,4512.213,33485,1,296950,DOL$
2019-06-12,4513.966,4529.157,4480.079,4523.898,43886,1,396200,DOL$
2019-06-13,4504.618,4520.977,4485.922,4502.865,38232,1,376830,DOL$
2019-06-14,4510.461,4577.066,4500.528,4556.617,48427,1,405385,DOL$
2019-06-17,4554.864,4588.751,4537.921,4546.684,35566,1,327530,DOL$
2019-06-18,4531.494,4534.415,4500.528,4514.55,36446,1,314855,DOL$
2019-06-19,4517.472,4541.426,4488.259,4488.843,42006,1,412320,DOL$
2019-06-21,4478.911,4495.854,4458.462,4469.563,34312,1,316180,DOL$
2019-06-24,4465.473,4485.922,4450.866,4469.563,33641,1,333905,DOL$
2019-06-25,4474.237,4508.123,4463.72,4494.686,44472,1,424710,DOL$
2019-06-26,4481.248,4506.955,4477.742,4490.596,39735,1,382065,DOL$
2019-06-27,4511.045,4525.067,4462.551,4463.136,39570,1,382980,DOL$
2019-06-28,4468.378,4499.251,4456.146,4498.086,36217,1,352445,DOL$
2019-07-01,4477.698,4495.756,4450.321,4487.601,36052,1,350200,DOL$
2019-07-02,4487.018,4531.871,4459.641,4489.931,56927,1,484760,DOL$
2019-07-03,4508.571,4524.881,4456.146,4467.213,40813,1,363130,DOL$
2019-07-04,4443.913,4447.991,4418.283,4438.088,25231,1,245400,DOL$
2019-07-05,4438.671,4480.028,4432.846,4460.806,33476,1,291995,DOL$
2019-07-08,4453.233,4455.563,4434.593,4438.088,20515,1,181870,DOL$
2019-07-10,4418.866,4424.108,4376.925,4379.838,44113,1,439590,DOL$
2019-07-11,4364.11,4394.4,4356.538,4382.75,37964,1,367730,DOL$
2019-07-12,4386.245,4390.905,4351.878,4358.868,33370,1,298285,DOL$
2019-07-15,4350.13,4385.08,4348.965,4381.585,22044,1,208725,DOL$
2019-07-16,4377.508,4399.06,4377.508,4395.565,26199,1,279510,DOL$
2019-07-17,4394.4,4394.4,4379.255,4388.575,22173,1,254485,DOL$
2019-07-18,4385.08,4388.575,4335.568,4336.15,29441,1,312175,DOL$
2019-07-19,4346.635,4376.925,4346.053,4368.77,30698,1,295890,DOL$
2019-07-22,4364.693,4369.353,4348.383,4361.78,20571,1,204500,DOL$
2019-07-23,4362.945,4406.05,4360.615,4397.895,33586,1,315000,DOL$
2019-07-24,4389.158,4403.138,4373.43,4396.148,26137,1,269620,DOL$
2019-07-25,4389.74,4435.176,4376.925,4403.138,41651,1,382660,DOL$
2019-07-26,4403.72,4421.778,4381.585,4399.06,32128,1,310260,DOL$
2019-07-29,4409.545,4428.768,4400.808,4406.05,27192,1,226625,DOL$
2019-07-30,4408.963,4426.438,4399.06,4415.953,28711,1,290335,DOL$
2019-07-31,4404.915,4452.554,4365.409,4440.354,74747,1,754215,DOL$
2019-08-01,4454.878,4496.708,4438.611,4470.564,55094,1,498240,DOL$
2019-08-02,4485.088,4533.309,4481.603,4524.594,50650,1,461685,DOL$
2019-08-05,4572.234,4632.655,4557.129,4628.007,57802,1,502895,DOL$
2019-08-06,4590.244,4640.788,4583.853,4610.578,50020,1,419700,DOL$
2019-08-07,4591.987,4647.76,4591.987,4619.873,54088,1,468660,DOL$
2019-08-08,4612.321,4618.712,4561.776,4562.938,46538,1,373265,DOL$
2019-08-09,4576.882,4598.378,4566.424,4587.339,42269,1,383110,DOL$
2019-08-12,4654.732,4670.999,4625.683,4638.465,47531,1,419280,DOL$
2019-08-13,4641.95,4669.837,4591.987,4609.997,64258,1,530805,DOL$
2019-08-14,4647.76,4716.895,4639.626,4715.153,58616,1,507035,DOL$
2019-08-15,4673.323,4705.857,4631.493,4644.855,66870,1,567995,DOL$
2019-08-16,4630.331,4662.865,4625.683,4660.541,40147,1,326010,DOL$
2019-08-19,4649.503,4740.715,4642.531,4739.553,51156,1,393135,DOL$
2019-08-20,4729.096,4738.391,4682.618,4713.41,55499,1,439905,DOL$
2019-08-21,4683.78,4696.562,4668.094,4680.875,45890,1,377595,DOL$
2019-08-22,4688.428,4745.363,4670.999,4731.42,49530,1,429315,DOL$
2019-08-23,4741.296,4802.298,4708.181,4790.679,74322,1,631285,DOL$
2019-08-26,4773.25,4845.29,4766.859,4828.442,52777,1,443270,DOL$
2019-08-27,4823.213,4874.338,4788.936,4795.907,67997,1,615930,DOL$
2019-08-28,4816.241,4844.709,4799.393,4844.709,39623,1,357650,DOL$
2019-08-29,4831.928,4854.004,4814.498,4844.709,48978,1,453130,DOL$
2019-08-30,4824.399,4841.227,4791.904,4813.374,51673,1,530860,DOL$
2019-09-02,4817.436,4869.661,4813.954,4866.179,18959,1,169515,DOL$
2019-09-03,4856.895,4866.179,4825.56,4844.129,41848,1,376690,DOL$
2019-09-04,4807.571,4827.301,4753.606,4759.409,41458,1,367125,DOL$
2019-09-05,4746.643,4782.62,4730.395,4774.496,39880,1,377045,DOL$
2019-09-06,4760.569,4762.31,4712.406,4721.691,36849,1,343500,DOL$
2019-09-09,4703.702,4769.854,4703.702,4758.828,35405,1,304050,DOL$
2019-09-10,4757.088,4798.867,4740.26,4742.581,45618,1,396385,DOL$
2019-09-11,4752.445,4755.927,4708.344,4727.494,40739,1,363505,DOL$
2019-09-12,4699.64,4729.234,4678.75,4715.888,50254,1,478985,DOL$
2019-09-13,4701.381,4757.088,4696.159,4743.741,40371,1,390990,DOL$
2019-09-16,4752.445,4768.693,4733.296,4740.26,29550,1,249530,DOL$
2019-09-17,4754.186,4780.879,4729.815,4734.457,41336,1,375970,DOL$
2019-09-18,4735.037,4777.977,4729.234,4774.496,40612,1,357305,DOL$
2019-09-19,4798.867,4840.067,4790.163,4840.067,44627,1,406630,DOL$
2019-09-20,4831.363,4858.055,4813.374,4817.436,43975,1,406420,DOL$
2019-09-23,4816.275,4858.635,4811.633,4833.684,29792,1,306495,DOL$
2019-09-24,4822.658,4857.475,4820.337,4832.523,36379,1,314750,DOL$
2019-09-25,4861.537,4868.5,4810.473,4816.856,42076,1,394455,DOL$
2019-09-26,4813.954,4842.968,4784.36,4840.067,43291,1,390940,DOL$
2019-09-27,4832.523,4837.165,4811.053,4822.078,33249,1,303445,DOL$
2019-09-30,4820.921,4837.12,4803.565,4814.557,31148,1,296145,DOL$
2019-10-01,4831.335,4852.162,4815.714,4820.921,37751,1,346065,DOL$
2019-10-02,4844.641,4849.269,4786.209,4786.788,42901,1,380175,DOL$
2019-10-03,4779.845,4787.945,4723.728,4735.877,44969,1,392870,DOL$
2019-10-04,4730.091,4738.769,4695.379,4702.322,36951,1,357830,DOL$
2019-10-07,4716.207,4763.646,4704.057,4759.597,39138,1,348755,DOL$
2019-10-08,4765.382,4765.96,4720.835,4745.133,42435,1,398505,DOL$
2019-10-09,4726.62,4763.646,4717.364,4761.911,34079,1,291450,DOL$
2019-10-10,4753.811,4794.309,4738.769,4762.489,52449,1,437875,DOL$
2019-10-11,4739.348,4781.002,4727.777,4757.861,50571,1,454740,DOL$
2019-10-14,4761.332,4793.73,4757.861,4779.267,25596,1,209600,DOL$
2019-10-15,4778.11,4844.641,4774.06,4842.327,38447,1,339290,DOL$
2019-10-16,4836.542,4849.848,4804.144,4807.615,38435,1,328520,DOL$
2019-10-17,4799.515,4844.063,4781.002,4822.078,47431,1,399360,DOL$
2019-10-18,4815.136,4822.078,4761.332,4763.646,37044,1,313345,DOL$
2019-10-21,4772.324,4808.772,4768.275,4781.581,30126,1,269045,DOL$
2019-10-22,4778.11,4778.11,4703.479,4728.356,43114,1,402385,DOL$
2019-10-23,4728.934,4738.191,4664.717,4669.924,43022,1,406945,DOL$
2019-10-24,4662.981,4683.23,4629.427,4675.709,46579,1,451990,DOL$
2019-10-25,4657.196,4668.188,4619.013,4635.212,39253,1,349700,DOL$
2019-10-28,4636.369,4640.419,4598.186,4618.434,34676,1,337820,DOL$
2019-10-29,4620.749,4635.212,4610.335,4627.112,38675,1,364050,DOL$
2019-10-30,4636.369,4665.296,4607.442,4614.385,53423,1,457615,DOL$
2019-10-31,4595.35,4665.72,4582.084,4642.648,58455,1,569605,DOL$
2019-11-01,4628.805,4634.573,4587.275,4610.347,45821,1,411870,DOL$
2019-11-04,4599.965,4644.955,4593.62,4635.726,33798,1,312730,DOL$
2019-11-05,4623.613,4648.993,4602.849,4614.961,41123,1,367100,DOL$
2019-11-06,4614.385,4723.976,4594.197,4711.287,54958,1,490060,DOL$
2019-11-07,4682.447,4740.127,4669.757,4733.782,53556,1,457265,DOL$
2019-11-08,4753.97,4817.418,4745.895,4808.766,48883,1,398430,DOL$
2019-11-11,4813.957,4817.994,4777.042,4796.653,27532,1,229120,DOL$
2019-11-12,4788.001,4837.029,4785.117,4815.11,48103,1,444485,DOL$
2019-11-13,4826.07,4839.336,4809.342,4815.687,46143,1,411540,DOL$
2019-11-14,4824.339,4848.565,4808.189,4845.104,39893,1,339500,DOL$
2019-11-18,4820.878,4873.944,4814.534,4866.445,35312,1,328850,DOL$
2019-11-19,4855.486,4871.637,4833.568,4841.643,46531,1,392765,DOL$
2019-11-21,4854.909,4875.674,4830.107,4841.643,49660,1,428205,DOL$
2019-11-22,4841.066,4848.565,4817.418,4843.95,37832,1,327860,DOL$
2019-11-25,4840.489,4883.173,4834.145,4877.981,36625,1,325090,DOL$
2019-11-26,4903.937,4934.508,4880.289,4885.48,62665,1,604135,DOL$
2019-11-27,4876.828,4927.586,4875.674,4919.511,40677,1,407775,DOL$
2019-11-28,4903.36,4916.05,4833.568,4833.568,31110,1,358035,DOL$
2019-11-29,4835.295,4896.334,4823.779,4885.969,41609,1,452160,DOL$
2019-12-02,4907.275,4908.427,4853.722,4870.997,34621,1,296665,DOL$
2019-12-03,4856.601,4860.632,4826.658,4849.115,39890,1,334600,DOL$
2019-12-04,4838.175,4855.45,4823.203,4850.843,35028,1,331735,DOL$
2019-12-05,4843.933,4869.27,4815.717,4825.506,40177,1,322410,DOL$
2019-12-06,4818.596,4835.871,4766.771,4774.257,40565,1,366370,DOL$
2019-12-09,4773.681,4796.139,4755.254,4775.408,32660,1,326565,DOL$
2019-12-10,4769.074,4785.198,4763.892,4779.439,33564,1,327875,DOL$
2019-12-11,4771.953,4774.833,4735.676,4752.375,39158,1,412895,DOL$
2019-12-12,4740.282,4761.013,4704.581,4713.218,51776,1,493555,DOL$
2019-12-13,4705.732,4744.313,4695.367,4733.372,44345,1,400950,DOL$
2019-12-16,4724.159,4727.038,4671.182,4680.396,35654,1,340220,DOL$
2019-12-17,4678.668,4697.095,4666.0,4685.578,35825,1,352155,DOL$
2019-12-18,4690.761,4694.791,4659.665,4679.82,38967,1,454960,DOL$
2019-12-19,4684.426,4688.457,4666.575,4688.457,29151,1,345305,DOL$
2019-12-20,4686.154,4726.462,4674.637,4725.887,40583,1,399310,DOL$
2019-12-23,4710.339,4717.825,4673.485,4702.853,24412,1,258275,DOL$
2019-12-26,4693.064,4695.943,4660.241,4671.758,20448,1,217075,DOL$
2019-12-27,4659.665,4675.789,4646.421,4657.362,25146,1,230975,DOL$
2019-12-30,4649.309,4656.787,4617.098,4629.177,26598,1,338595,DOL$
2020-01-02,4619.399,4654.486,4611.346,4637.23,31326,1,289320,DOL$
2020-01-03,4682.096,4688.423,4644.708,4674.618,36125,1,317920,DOL$
2020-01-06,4670.592,4694.175,4662.539,4679.795,32265,1,287205,DOL$
2020-01-07,4679.795,4714.882,4671.742,4686.122,43008,1,374255,DOL$
2020-01-08,4676.919,4697.626,4653.911,4682.096,40576,1,349575,DOL$
2020-01-09,4676.344,4715.457,4674.618,4715.457,40863,1,345510,DOL$
2020-01-10,4702.803,4728.111,4678.644,4714.306,40561,1,366390,DOL$
2020-01-13,4709.705,4776.428,4709.705,4776.428,46232,1,388135,DOL$
2020-01-14,4774.127,4792.533,4746.517,4758.597,44454,1,378875,DOL$
2020-01-15,4775.277,4820.143,4765.499,4807.488,47378,1,403630,DOL$
2020-01-16,4802.887,4836.823,4790.232,4818.992,37566,1,315770,DOL$
2020-01-17,4806.338,4827.62,4789.082,4791.383,37316,1,320205,DOL$
2020-01-20,4793.108,4826.47,4793.108,4825.895,13768,1,118285,DOL$
2020-01-21,4831.646,4855.23,4815.541,4848.902,41009,1,345375,DOL$
2020-01-22,4834.522,4841.425,4804.037,4813.24,31778,1,286365,DOL$
2020-01-23,4817.842,4823.594,4784.48,4800.586,46229,1,380985,DOL$
2020-01-24,4795.984,4824.744,4794.259,4813.24,36206,1,298655,DOL$
2020-01-27,4848.902,4870.185,4835.098,4843.726,41838,1,347330,DOL$
2020-01-28,4837.398,4851.778,4818.992,4827.045,43236,1,423980,DOL$
2020-01-29,4831.071,4870.185,4812.09,4867.309,45340,1,460270,DOL$
2020-01-30,4885.715,4915.625,4876.512,4882.839,53106,1,476005,DOL$
2020-01-31,4905.822,4936.85,4887.436,4928.231,55945,1,546625,DOL$
2020-02-03,4912.717,4917.889,4867.9,4888.01,39567,1,330065,DOL$
2020-02-04,4871.922,4904.673,4859.855,4896.629,36481,1,342050,DOL$
2020-02-05,4886.861,4902.375,4863.878,4873.071,44881,1,389935,DOL$
2020-02-06,4851.811,4931.104,4842.043,4926.507,60414,1,528175,DOL$
2020-02-07,4942.596,4974.198,4931.679,4971.325,47526,1,408740,DOL$
2020-02-10,4959.259,4979.944,4951.215,4974.773,32798,1,265895,DOL$
2020-02-11,4961.557,4992.01,4942.596,4981.668,45695,1,367580,DOL$
2020-02-12,4972.474,5008.673,4971.325,5008.673,36271,1,322045,DOL$
2020-02-13,5035.679,5039.701,4954.662,5002.353,51225,1,485505,DOL$
2020-02-14,4970.176,4983.392,4933.403,4942.021,41810,1,355885,DOL$
2020-02-17,4947.767,4979.944,4947.193,4975.922,17232,1,153115,DOL$
2020-02-18,4997.756,5016.718,4986.265,5007.524,31486,1,289295,DOL$
2020-02-19,5019.016,5031.082,5010.972,5017.292,28657,1,273130,DOL$
2020-02-20,5036.828,5055.79,5009.248,5050.618,43695,1,372085,DOL$
2020-02-21,5065.557,5066.707,5025.336,5046.596,39633,1,353695,DOL$
2020-02-26,5074.176,5120.143,5062.11,5114.972,40245,1,341865,DOL$
2020-02-27,5115.547,5173.58,5112.099,5158.066,66381,1,573680,DOL$
2020-02-28,5166.666,5185.585,5129.4,5148.32,75855,1,694610,DOL$
2020-03-02,5170.679,5176.412,5133.414,5139.72,50944,1,452700,DOL$
2020-03-03,5139.72,5189.598,5114.494,5187.305,66741,1,607640,DOL$
2020-03-04,5189.598,5270.435,5172.972,5265.275,52092,1,507335,DOL$
2020-03-05,5281.328,5359.298,5268.715,5292.794,67491,1,633645,DOL$
2020-03-06,5324.326,5364.457,5295.087,5313.433,60029,1,521385,DOL$
2020-03-09,5461.92,5502.625,5404.589,5427.521,52659,1,501860,DOL$
2020-03-10,5371.91,5382.23,5323.179,5336.939,55827,1,519315,DOL$
2020-03-11,5361.591,5543.903,5344.965,5530.717,56862,1,469035,DOL$
2020-03-12,5765.201,5772.08,5452.747,5507.211,41402,1,541570,DOL$
2020-03-13,5399.429,5601.808,5330.632,5541.037,51411,1,493980,DOL$
2020-03-16,5710.163,5817.372,5600.661,5727.362,42846,1,405685,DOL$
2020-03-17,5789.28,5835.718,5689.524,5746.282,46459,1,507855,DOL$
2020-03-18,5887.889,6028.35,5797.879,5856.357,45690,1,462205,DOL$
2020-03-19,5971.019,5976.752,5813.359,5847.757,39965,1,393540,DOL$
2020-03-20,5733.669,5813.359,5714.75,5807.626,36444,1,340770,DOL$
2020-03-23,5821.385,5905.088,5741.695,5905.088,35427,1,312415,DOL$
2020-03-24,5789.853,5856.93,5784.693,5850.051,33794,1,284970,DOL$
2020-03-25,5822.532,5859.224,5703.283,5775.52,40390,1,308750,DOL$
2020-03-26,5796.733,5808.772,5703.283,5758.321,43361,1,353440,DOL$
2020-03-27,5805.332,5880.436,5784.693,5849.477,44129,1,344295,DOL$
2020-03-30,5866.677,5958.406,5859.224,5957.259,32009,1,259060,DOL$
2020-03-31,5951.535,5980.159,5928.635,5970.999,40821,1,440245,DOL$
2020-04-01,6005.348,6050.002,5988.746,6021.378,32025,1,324610,DOL$
2020-04-02,6019.66,6060.879,5989.891,6030.537,33118,1,306260,DOL$
2020-04-03,6053.437,6141.599,6041.414,6136.447,35608,1,293785,DOL$
2020-04-06,6085.496,6090.648,5991.608,6063.741,37226,1,275085,DOL$
2020-04-07,5942.947,6021.378,5942.375,5989.891,39823,1,302855,DOL$
2020-04-08,5990.463,6017.37,5860.51,5874.249,37308,1,292035,DOL$
2020-04-09,5875.967,5906.881,5788.377,5859.937,42580,1,310760,DOL$
2020-04-13,5869.097,5970.427,5851.923,5961.267,35555,1,249660,DOL$
2020-04-14,5944.665,5973.861,5900.584,5916.613,36490,1,278490,DOL$
2020-04-15,5982.449,6037.98,5977.869,6009.355,33571,1,233900,DOL$
2020-04-16,6015.08,6037.407,5961.267,5997.906,38026,1,264870,DOL$
2020-04-17,5983.021,6045.422,5966.992,6001.341,34382,1,263905,DOL$
2020-04-20,6056.871,6095.228,6032.255,6092.938,32230,1,232765,DOL$
2020-04-22,6096.945,6259.531,6074.618,6256.096,48877,1,366825,DOL$
2020-04-23,6245.791,6366.012,6187.97,6340.823,67049,1,498315,DOL$
2020-04-24,6363.722,6585.273,6362.577,6395.782,68427,1,571240,DOL$
2020-04-27,6345.403,6558.939,6337.388,6477.074,53170,1,444320,DOL$
2020-04-28,6423.261,6439.29,6265.828,6292.735,54455,1,424680,DOL$
2020-04-29,6252.088,6329.946,6108.395,6108.967,46967,1,396395,DOL$
2020-04-30,6127.259,6286.743,6104.394,6282.742,43260,1,391850,DOL$
2020-05-04,6423.933,6434.794,6321.041,6352.48,33499,1,271175,DOL$
2020-05-05,6331.33,6418.217,6278.169,6390.779,34081,1,277085,DOL$
2020-05-06,6409.071,6552.549,6409.071,6549.691,28778,1,230300,DOL$
2020-05-07,6607.997,6727.467,6574.843,6683.452,53715,1,414735,DOL$
2020-05-08,6634.863,6671.447,6545.118,6574.271,35992,1,289760,DOL$
2020-05-11,6619.43,6685.738,6598.851,6659.443,33777,1,272745,DOL$
2020-05-12,6636.578,6746.902,6572.556,6736.041,40445,1,294840,DOL$
2020-05-13,6664.588,6802.921,6658.3,6739.471,42324,1,320180,DOL$
2020-05-14,6777.198,6833.789,6640.58,6658.872,56042,1,399525,DOL$
2020-05-15,6708.603,6724.609,6590.277,6700.6,41890,1,292685,DOL$
2020-05-18,6617.143,6641.151,6514.822,6546.261,38718,1,275300,DOL$
2020-05-19,6511.964,6598.851,6499.96,6588.562,43636,1,292360,DOL$
2020-05-20,6543.975,6581.131,6484.526,6512.535,36766,1,254780,DOL$
2020-05-21,6516.537,6526.826,6345.049,6352.48,51574,1,417560,DOL$
2020-05-22,6375.917,6433.651,6316.468,6334.188,46851,1,333905,DOL$
2020-05-25,6283.313,6323.899,6213.003,6225.008,25140,1,178525,DOL$
2020-05-26,6159.842,6176.991,6098.678,6123.83,49636,1,373815,DOL$
2020-05-27,6110.111,6128.974,6025.51,6031.798,48263,1,352850,DOL$
2020-05-28,6039.801,6187.28,6038.657,6182.136,42579,1,304480,DOL$
2020-05-29,6153.037,6241.475,6077.721,6097.691,54073,1,433810,DOL$
2020-06-01,6093.697,6191.835,6067.451,6133.637,41789,1,334490,DOL$
2020-06-02,6070.874,6100.544,5940.784,5948.202,46145,1,343955,DOL$
2020-06-03,5953.337,5956.76,5731.955,5787.301,58898,1,474450,DOL$
2020-06-04,5779.313,5875.168,5741.655,5848.922,54971,1,416585,DOL$
2020-06-05,5781.595,5803.277,5637.24,5674.328,52832,1,381600,DOL$
2020-06-08,5671.475,5685.168,5504.297,5509.433,44436,1,319840,DOL$
2020-06-09,5563.066,5644.087,5543.667,5597.3,42337,1,312170,DOL$
2020-06-10,5545.949,5686.31,5525.409,5682.886,53939,1,405845,DOL$
2020-06-12,5811.835,5838.652,5712.556,5769.613,56252,1,381880,DOL$
2020-06-15,5864.898,5967.601,5800.424,5890.003,51049,1,363865,DOL$
2020-06-16,5842.075,6000.124,5765.048,5989.283,56723,1,376620,DOL$
2020-06-17,5962.466,6020.093,5917.391,5970.454,44011,1,298950,DOL$
2020-06-18,6058.322,6151.895,6042.346,6143.907,43686,1,313025,DOL$
2020-06-19,6082.286,6143.337,6037.781,6069.163,46265,1,351760,DOL$
2020-06-22,6042.346,6048.051,5934.508,5996.13,37162,1,262685,DOL$
2020-06-23,5943.066,5966.46,5860.334,5881.445,37058,1,278340,DOL$
2020-06-24,5911.114,6110.814,5895.138,6104.538,48247,1,333335,DOL$
2020-06-25,6141.625,6148.472,6011.535,6112.526,47827,1,347475,DOL$
2020-06-26,6141.055,6268.862,6126.22,6259.163,45169,1,335805,DOL$
2020-06-29,6230.634,6245.469,6150.754,6172.436,36682,1,270845,DOL$
2020-06-30,6198.692,6294.012,6176.431,6236.363,44954,1,332260,DOL$
2020-07-01,6247.208,6258.053,6056.567,6078.257,39956,1,283610,DOL$
2020-07-02,6039.444,6143.897,6020.037,6126.773,40890,1,298910,DOL$
2020-07-03,6111.362,6150.746,6063.987,6074.832,18276,1,127450,DOL$
2020-07-06,6022.891,6125.061,6014.329,6124.49,30305,1,216840,DOL$
2020-07-07,6158.737,6174.719,6045.722,6142.184,41639,1,280040,DOL$
2020-07-08,6128.486,6164.445,6077.686,6097.093,35154,1,272150,DOL$
2020-07-09,6099.947,6145.609,5994.352,6103.942,49351,1,352225,DOL$
2020-07-10,6131.34,6163.303,6069.124,6082.823,30030,1,196545,DOL$
2020-07-13,6071.407,6180.427,6066.841,6171.865,33139,1,241525,DOL$
2020-07-14,6150.746,6230.656,6090.243,6135.335,50124,1,327265,DOL$
2020-07-15,6066.27,6158.166,6045.722,6135.335,40509,1,276110,DOL$
2020-07-16,6145.609,6161.02,6062.846,6087.96,36443,1,244945,DOL$
2020-07-17,6087.96,6158.737,6072.549,6150.746,29862,1,194675,DOL$
2020-07-20,6129.056,6158.737,6085.677,6095.951,26154,1,175785,DOL$
2020-07-21,6059.421,6065.129,5899.602,5907.022,49542,1,357080,DOL$
2020-07-22,5911.018,5941.269,5805.423,5845.949,41367,1,314040,DOL$
2020-07-23,5867.638,5968.096,5851.656,5950.972,45688,1,300085,DOL$
2020-07-24,5957.822,5997.777,5891.611,5974.945,37770,1,262740,DOL$
2020-07-27,5927.57,5964.1,5871.063,5875.629,32697,1,220060,DOL$
2020-07-28,5921.292,5941.84,5863.643,5879.054,30128,1,220285,DOL$
2020-07-29,5872.205,5918.438,5840.241,5903.027,36124,1,250620,DOL$
2020-07-30,5941.84,5954.968,5873.346,5883.049,37259,1,268490,DOL$
2020-07-31,5926.399,5972.031,5896.739,5965.757,38314,1,303565,DOL$
2020-08-03,5967.468,6093.525,5951.497,6080.406,38902,1,294530,DOL$
2020-08-04,6096.947,6140.297,6023.367,6032.493,40880,1,306470,DOL$
2020-08-05,5988.572,6074.702,5975.453,6046.182,35052,1,253235,DOL$
2020-08-06,6114.63,6134.023,6076.413,6090.103,33757,1,227965,DOL$
2020-08-07,6103.222,6211.597,6097.518,6211.026,34786,1,238885,DOL$
2020-08-10,6199.618,6269.207,6111.778,6259.51,39428,1,259955,DOL$
2020-08-11,6211.597,6237.264,6133.453,6143.149,41349,1,283050,DOL$
2020-08-12,6171.669,6270.347,6164.824,6205.322,44454,1,311285,DOL$
2020-08-13,6183.077,6191.063,6107.215,6127.178,42412,1,310730,DOL$
2020-08-14,6171.669,6211.026,6116.341,6190.492,32596,1,248495,DOL$
2020-08-17,6211.597,6293.734,6174.521,6287.459,30384,1,236105,DOL$
2020-08-18,6217.301,6295.445,6186.499,6241.257,36887,1,259525,DOL$
2020-08-19,6219.582,6346.78,6202.47,6342.787,35047,1,237690,DOL$
2020-08-20,6399.827,6473.978,6320.542,6339.935,57609,1,400935,DOL$
2020-08-21,6341.076,6427.776,6337.654,6420.932,35676,1,242315,DOL$
2020-08-24,6363.892,6407.812,6343.928,6403.82,25144,1,169145,DOL$
2020-08-25,6371.878,6407.242,6282.326,6286.889,36438,1,289125,DOL$
2020-08-26,6293.734,6427.776,6288.03,6402.679,34270,1,260580,DOL$
2020-08-27,6398.116,6414.087,6325.676,6354.766,40149,1,289270,DOL$
2020-08-28,6291.452,6304.571,6144.861,6149.994,37215,1,270400,DOL$
2020-08-31,6176.232,6274.34,6167.106,6272.059,37500,1,320560,DOL$
2020-09-01,6222.434,6228.138,6092.384,6164.824,42356,1,292850,DOL$
2020-09-02,6184.218,6201.33,6098.659,6098.659,37271,1,261700,DOL$
2020-09-03,6126.608,6137.445,6020.515,6041.619,41958,1,308755,DOL$
2020-09-04,6053.027,6082.688,5990.284,6050.745,37180,1,272710,DOL$
2020-09-08,6123.756,6174.521,6068.428,6122.045,37295,1,253920,DOL$
2020-09-09,6104.363,6114.059,6026.218,6058.731,31320,1,220250,DOL$
2020-09-10,6050.745,6087.251,6014.811,6075.272,40561,1,304455,DOL$
2020-09-11,6045.041,6107.215,6003.973,6072.991,39715,1,273560,DOL$
2020-09-14,6054.738,6076.413,6006.825,6015.381,31747,1,211690,DOL$
2020-09-15,5978.305,6051.316,5958.342,6021.085,47066,1,310155,DOL$
2020-09-16,5994.847,6018.803,5946.934,5978.305,41129,1,294400,DOL$
2020-09-17,6011.959,6039.338,5964.616,5978.305,38725,1,278935,DOL$
2020-09-18,5989.143,6160.261,5984.58,6152.276,45812,1,307555,DOL$
2020-09-21,6223.005,6272.629,6148.283,6178.514,44917,1,299935,DOL$
2020-09-22,6191.063,6270.918,6142.009,6241.257,54262,1,359275,DOL$
2020-09-23,6281.185,6386.708,6263.503,6378.722,47661,1,318205,DOL$
2020-09-24,6382.145,6415.798,6266.355,6285.748,50439,1,333390,DOL$
2020-09-25,6308.564,6374.73,6308.564,6346.78,42847,1,294585,DOL$
2020-09-28,6291.452,6473.978,6288.03,6458.578,56020,1,404970,DOL$
2020-09-29,6432.339,6478.541,6395.264,6430.058,50731,1,403115,DOL$
2020-09-30,6416.372,6466.553,6376.455,6403.256,58199,1,415385,DOL$
2020-10-01,6364.48,6464.843,6361.629,6442.033,40007,1,276820,DOL$
2020-10-02,6461.421,6497.346,6399.835,6493.355,43873,1,287560,DOL$
2020-10-05,6448.306,6479.669,6336.538,6363.339,38058,1,279780,DOL$
2020-10-06,6311.447,6411.24,6258.415,6384.438,56406,1,365400,DOL$
2020-10-07,6347.943,6437.471,6335.398,6406.108,49383,1,339295,DOL$
2020-10-08,6375.315,6444.884,6366.191,6394.133,35321,1,247325,DOL$
2020-10-09,6363.91,6371.893,6289.778,6314.299,35787,1,234355,DOL$
2020-10-13,6303.464,6419.793,6300.042,6357.637,41951,1,279700,DOL$
2020-10-14,6365.05,6395.843,6316.009,6381.587,34141,1,257035,DOL$
2020-10-15,6435.76,6444.884,6377.025,6404.967,34187,1,233850,DOL$
2020-10-16,6398.124,6451.727,6387.29,6442.603,29528,1,190710,DOL$
2020-10-19,6410.099,6428.347,6351.364,6400.405,36251,1,245065,DOL$
2020-10-20,6394.133,6419.793,6329.695,6396.984,38092,1,315325,DOL$
2020-10-21,6386.719,6420.934,6356.497,6399.265,36814,1,269480,DOL$
2020-10-22,6407.248,6418.653,6346.232,6380.447,33276,1,216375,DOL$
2020-10-23,6361.058,6427.777,6349.083,6412.951,31528,1,209160,DOL$
2020-10-26,6452.868,6460.281,6400.405,6416.942,30305,1,214170,DOL$
2020-10-27,6397.554,6516.165,6387.29,6508.751,32126,1,246315,DOL$
2020-10-28,6546.387,6606.833,6504.76,6555.511,53205,1,367420,DOL$
2020-10-29,6597.709,6605.693,6552.66,6591.437,38353,1,281905,DOL$
2020-10-30,6588.588,6625.625,6527.619,6553.26,45400,1,326300,DOL$
2020-11-03,6497.99,6577.192,6443.289,6566.365,35204,1,236130,DOL$
2020-11-04,6565.226,6576.052,6437.021,6446.138,36429,1,242485,DOL$
2020-11-05,6399.984,6422.206,6298.56,6304.258,40600,1,291545,DOL$
2020-11-06,6290.583,6357.819,6111.096,6119.643,53686,1,350530,DOL$
2020-11-09,6011.951,6187.449,5957.82,6143.005,65618,1,453245,DOL$
2020-11-10,6127.62,6180.042,6083.746,6176.623,44039,1,301410,DOL$
2020-11-11,6158.959,6223.916,6128.76,6146.993,41066,1,275075,DOL$
2020-11-12,6152.691,6260.953,6103.689,6224.486,46369,1,317140,DOL$
2020-11-13,6216.509,6301.409,6210.811,6224.486,36534,1,251665,DOL$
2020-11-16,6188.019,6223.346,6117.364,6177.762,33187,1,233430,DOL$
2020-11-17,6142.435,6182.321,6068.361,6081.466,40469,1,321380,DOL$
2020-11-18,6086.595,6125.911,6013.66,6113.945,40194,1,298500,DOL$
2020-11-19,6131.039,6135.597,6039.871,6047.278,31106,1,225520,DOL$
2020-11-20,6030.184,6151.552,6025.056,6131.609,25995,1,174925,DOL$
2020-11-23,6103.119,6211.95,6086.025,6200.554,34879,1,231685,DOL$
2020-11-24,6164.657,6186.879,6120.782,6124.201,24758,1,194295,DOL$
2020-11-25,6148.133,6149.272,6045.569,6067.791,31732,1,232185,DOL$
2020-11-26,6080.327,6106.538,6035.882,6082.036,16895,1,118725,DOL$
2020-11-27,6068.361,6130.469,6062.663,6090.013,22427,1,173660,DOL$
2020-11-30,6039.89,6149.82,6011.41,6076.343,41202,1,355455,DOL$
2020-12-01,6058.117,6072.356,5929.39,5933.377,40971,1,363550,DOL$
2020-12-02,5951.034,5986.349,5931.099,5945.908,35952,1,315865,DOL$
2020-12-03,5948.186,5960.148,5834.839,5870.153,47358,1,348695,DOL$
2020-12-04,5857.053,5905.467,5828.573,5873.001,34733,1,241880,DOL$
2020-12-07,5889.519,5889.519,5761.362,5809.777,47171,1,306325,DOL$
2020-12-08,5837.117,5854.205,5767.628,5828.573,39604,1,321175,DOL$
2020-12-09,5810.916,5921.985,5794.968,5891.228,38400,1,334750,DOL$
2020-12-10,5824.586,5847.37,5713.517,5726.617,46370,1,343555,DOL$
2020-12-11,5747.692,5797.246,5730.035,5771.045,33580,1,319270,DOL$
2020-12-14,5741.427,5845.091,5708.391,5831.991,34918,1,243300,DOL$
2020-12-15,5802.942,5838.256,5781.867,5789.842,29578,1,233660,DOL$
2020-12-16,5769.906,5858.761,5767.628,5789.272,30005,1,217035,DOL$
2020-12-17,5764.21,5793.829,5740.288,5760.793,29336,1,237680,DOL$
2020-12-18,5815.473,5828.004,5777.311,5810.347,30342,1,242925,DOL$
2020-12-21,5923.125,5951.034,5823.447,5829.143,34057,1,238645,DOL$
2020-12-22,5849.078,5891.797,5820.03,5874.14,25513,1,203000,DOL$
2020-12-23,5861.04,5947.047,5842.813,5942.491,31160,1,243555,DOL$
2020-12-28,5895.215,6050.712,5882.114,5968.692,39625,1,281815,DOL$
2020-12-29,5953.882,5976.096,5881.545,5937.364,32716,1,254225,DOL$
2020-12-30,5910.632,5957.84,5861.149,5911.77,35780,1,317395,DOL$
2021-01-04,5844.086,6031.211,5825.886,6031.211,51593,1,353340,DOL$
2021-01-05,6016.423,6095.482,5980.591,6020.973,47433,1,323740,DOL$
2021-01-06,5995.379,6101.169,5957.271,6053.393,57602,1,384690,DOL$
2021-01-07,6088.656,6168.284,6033.486,6159.752,47468,1,320130,DOL$
2021-01-08,6131.314,6192.741,6057.374,6170.559,50372,1,357690,DOL$
2021-01-11,6222.317,6279.194,6204.116,6246.205,38031,1,295100,DOL$
2021-01-12,6228.004,6253.599,6047.136,6058.512,44575,1,312615,DOL$
2021-01-13,6083.538,6094.344,5998.791,6032.917,44213,1,309225,DOL$
2021-01-14,6026.092,6034.624,5908.357,5912.907,39980,1,271920,DOL$
2021-01-15,5972.059,6042.586,5945.327,6021.542,35562,1,244455,DOL$
2021-01-18,6045.999,6056.805,5958.409,6030.073,24639,1,168645,DOL$
2021-01-19,5994.81,6109.132,5964.096,6098.325,37288,1,263885,DOL$
2021-01-20,6081.262,6094.344,6011.304,6020.404,34212,1,233340,DOL$
2021-01-21,5982.297,6144.396,5952.721,6088.088,49253,1,334270,DOL$
2021-01-22,6138.139,6243.93,6137.002,6222.317,37107,1,263105,DOL$
2021-01-26,6224.592,6233.692,6044.861,6093.775,52171,1,373220,DOL$
2021-01-27,6113.113,6166.009,6086.381,6158.615,53155,1,371510,DOL$
2021-01-28,6173.972,6214.923,6132.452,6189.897,47844,1,357925,DOL$
2021-01-29,6165.458,6262.077,6162.048,6213.199,45483,1,350790,DOL$
2021-02-01,6184.782,6238.775,6162.616,6178.53,34340,1,236475,DOL$
2021-02-02,6138.177,6165.458,6075.09,6104.645,41126,1,286085,DOL$
2021-02-03,6100.666,6134.767,6051.22,6081.342,37970,1,270615,DOL$
2021-02-04,6106.35,6206.948,6091.004,6171.142,37061,1,280285,DOL$
2021-02-05,6155.228,6205.811,6077.364,6108.623,40966,1,278705,DOL$
2021-02-08,6141.587,6164.89,6033.033,6106.35,39639,1,278400,DOL$
2021-02-09,6092.709,6195.581,6088.731,6117.717,43787,1,330790,DOL$
2021-02-10,6127.947,6183.645,6084.752,6127.947,39066,1,275905,DOL$
2021-02-11,6104.076,6154.091,6065.997,6102.371,36197,1,270170,DOL$
2021-02-12,6134.767,6155.228,6089.299,6108.055,30420,1,242340,DOL$
2021-02-17,6163.185,6178.53,6129.652,6156.364,21462,1,159275,DOL$
2021-02-18,6126.81,6200.696,6125.105,6171.142,36332,1,267280,DOL$
2021-02-19,6200.696,6220.02,6103.508,6120.558,43788,1,292610,DOL$
2021-02-22,6268.898,6291.632,6175.12,6216.61,55838,1,414655,DOL$
2021-02-23,6195.012,6233.66,6148.408,6187.624,47276,1,335210,DOL$
2021-02-24,6159.775,6187.624,6127.947,6141.587,39410,1,293740,DOL$
2021-02-25,6187.055,6298.452,6159.206,6288.222,62656,1,420510,DOL$
2021-02-26,6299.572,6387.539,6239.414,6367.108,56395,1,458340,DOL$
2021-03-01,6352.92,6411.375,6313.193,6410.24,37434,1,279375,DOL$
2021-03-02,6413.078,6516.936,6412.51,6455.075,55234,1,478150,DOL$
2021-03-03,6460.183,6560.636,6342.137,6382.999,61214,1,466735,DOL$
2021-03-04,6327.949,6459.048,6299.572,6439.184,56936,1,390060,DOL$
2021-03-05,6455.075,6507.855,6422.158,6465.858,37636,1,283255,DOL$
2021-03-08,6520.908,6676.411,6482.317,6676.411,47035,1,315850,DOL$
2021-03-09,6628.739,6674.141,6553.825,6590.715,50336,1,336615,DOL$
2021-03-10,6581.067,6604.903,6413.078,6444.86,54350,1,371885,DOL$
2021-03-11,6379.026,6385.837,6279.141,6291.627,42266,1,310870,DOL$
2021-03-12,6322.273,6348.38,6300.14,6308.085,28730,1,229620,DOL$
2021-03-15,6302.41,6425.564,6283.681,6379.026,40440,1,305445,DOL$
2021-03-16,6392.647,6400.025,6313.193,6386.972,32931,1,248350,DOL$
2021-03-17,6433.509,6453.94,6325.111,6341.569,34186,1,235845,DOL$
2021-03-18,6243.954,6338.732,6220.118,6314.895,47670,1,326410,DOL$
2021-03-19,6267.223,6302.977,6187.201,6236.009,42585,1,367850,DOL$
2021-03-22,6253.602,6299.005,6239.414,6253.602,30418,1,235335,DOL$
2021-03-23,6296.735,6302.41,6202.525,6270.061,39487,1,291550,DOL$
2021-03-24,6254.17,6406.268,6234.306,6381.864,43231,1,326680,DOL$
2021-03-25,6396.052,6450.535,6378.459,6409.105,46362,1,347670,DOL$
2021-03-26,6430.671,6536.799,6402.862,6536.799,37033,1,284315,DOL$
2021-03-29,6537.934,6592.417,6511.26,6564.041,34617,1,267865,DOL$
2021-03-30,6562.906,6587.877,6495.37,6555.528,33363,1,259390,DOL$
2021-03-31,6543.065,6545.897,6379.913,6393.509,48849,1,418960,DOL$
2021-04-01,6382.746,6499.444,6364.051,6477.351,32129,1,301410,DOL$
2021-04-05,6437.129,6449.592,6392.943,6428.065,27484,1,212195,DOL$
2021-04-06,6427.499,6433.164,6326.096,6344.79,33423,1,230380,DOL$
2021-04-07,6347.056,6415.602,6296.071,6367.45,38514,1,259115,DOL$
2021-04-08,6361.785,6373.115,6283.608,6317.032,34388,1,240095,DOL$
2021-04-09,6344.79,6449.026,6337.992,6446.76,32495,1,222700,DOL$
2021-04-12,6437.696,6513.607,6387.278,6508.508,29118,1,206605,DOL$
2021-04-13,6497.745,6528.902,6422.967,6485.848,39168,1,274890,DOL$
2021-04-14,6465.454,6505.109,6403.706,6411.637,35829,1,260470,DOL$
2021-04-15,6408.238,6419.001,6345.923,6369.716,36013,1,277920,DOL$
2021-04-16,6370.849,6438.262,6312.5,6338.559,35977,1,247420,DOL$
2021-04-19,6310.8,6373.682,6267.18,6288.14,40753,1,270115,DOL$
2021-04-20,6310.8,6335.16,6238.855,6310.8,38230,1,273875,DOL$
2021-04-22,6299.47,6302.869,6164.643,6176.54,46788,1,338660,DOL$
2021-04-23,6174.84,6261.515,6148.781,6205.998,41003,1,303500,DOL$
2021-04-26,6196.367,6221.86,6158.412,6162.377,36263,1,287815,DOL$
2021-04-27,6159.545,6195.801,6131.786,6180.505,40790,1,296115,DOL$
2021-04-28,6181.072,6182.771,6054.176,6058.142,46586,1,349805,DOL$
2021-04-29,6056.442,6095.531,6030.95,6049.078,39306,1,321225,DOL$
2021-04-30,6069.441,6179.177,6050.209,6166.733,50118,1,388400,DOL$
2021-05-03,6140.713,6185.965,6093.764,6172.955,33309,1,239670,DOL$
2021-05-04,6197.278,6217.642,6136.754,6175.784,34296,1,248910,DOL$
2021-05-05,6165.602,6167.299,6068.875,6072.835,35136,1,267855,DOL$
2021-05-06,6053.603,6093.764,5960.836,5989.118,48248,1,322680,DOL$
2021-05-07,5986.856,6001.563,5898.614,5937.644,41892,1,306255,DOL$
2021-05-10,5937.079,5952.351,5890.129,5920.675,32750,1,252865,DOL$
2021-05-11,5933.119,5985.725,5897.483,5915.018,39669,1,273620,DOL$
2021-05-12,5933.685,6027.583,5904.836,6010.613,44922,1,308380,DOL$
2021-05-13,6010.613,6042.29,5951.785,6014.573,44635,1,317110,DOL$
2021-05-14,5993.644,6000.432,5942.735,5972.715,32506,1,239960,DOL$
2021-05-17,5987.422,6026.451,5942.169,5977.805,30765,1,222685,DOL$
2021-05-18,5961.967,5981.199,5925.2,5959.139,31164,1,210700,DOL$
2021-05-19,5986.856,6031.542,5956.876,6012.876,39191,1,279830,DOL$
2021-05-20,6012.31,6012.31,5968.189,5981.765,28594,1,205430,DOL$
2021-05-21,5984.593,6080.754,5968.189,6068.31,35770,1,246470,DOL$
2021-05-24,6078.491,6085.279,6011.745,6020.229,29788,1,206565,DOL$
2021-05-25,6003.26,6051.906,5993.644,6040.593,33646,1,267695,DOL$
2021-05-26,6025.32,6045.684,5983.462,6012.876,35568,1,253165,DOL$
2021-05-27,6004.391,6011.179,5924.634,5927.462,47142,1,357825,DOL$
2021-05-28,5951.785,5954.614,5894.089,5913.887,28947,1,231580,DOL$
2021-05-31,5911.065,5955.081,5882.85,5904.294,28869,1,210635,DOL$
2021-06-01,5886.8,5893.572,5816.827,5826.984,44946,1,349350,DOL$
2021-06-02,5833.192,5854.635,5733.31,5741.775,50948,1,368300,DOL$
2021-06-04,5798.769,5799.334,5693.245,5712.995,40006,1,291300,DOL$
2021-06-07,5700.016,5735.003,5677.444,5709.609,30599,1,240625,DOL$
2021-06-08,5702.838,5733.31,5680.266,5697.759,32591,1,247040,DOL$
2021-06-09,5685.909,5752.496,5676.88,5725.41,39145,1,281885,DOL$
2021-06-10,5723.153,5758.139,5690.987,5716.945,38101,1,267345,DOL$
2021-06-11,5715.817,5810.62,5715.252,5787.483,33383,1,241250,DOL$
2021-06-14,5773.94,5780.147,5715.817,5721.46,30640,1,221885,DOL$
2021-06-15,5725.41,5771.118,5696.066,5699.452,31902,1,224995,DOL$
2021-06-16,5714.688,5744.596,5644.15,5710.738,53152,1,378410,DOL$
2021-06-17,5710.738,5736.696,5658.258,5658.258,39341,1,294505,DOL$
2021-06-18,5654.308,5772.811,5630.043,5751.368,50289,1,353365,DOL$
2021-06-21,5733.31,5740.646,5662.772,5662.772,33324,1,262105,DOL$
2021-06-22,5662.208,5699.452,5597.878,5599.006,43226,1,326680,DOL$
2021-06-23,5605.778,5624.4,5575.306,5609.728,40545,1,335210,DOL$
2021-06-24,5610.292,5610.857,5531.29,5549.348,40423,1,315735,DOL$
2021-06-25,5545.398,5616.5,5525.647,5570.791,38848,1,301975,DOL$
2021-06-28,5586.592,5613.678,5552.169,5558.376,30359,1,217740,DOL$
2021-06-29,5583.206,5610.857,5554.991,5593.363,28254,1,249605,DOL$
2021-06-30,5598.427,5671.01,5591.113,5610.806,42730,1,368750,DOL$
2021-07-01,5609.68,5707.02,5584.361,5699.143,41287,1,323460,DOL$
2021-07-02,5688.452,5726.15,5628.811,5707.582,37865,1,295765,DOL$
2021-07-05,5695.767,5755.408,5694.079,5745.843,16117,1,111685,DOL$
2021-07-06,5739.091,5887.07,5727.838,5864.563,45810,1,329140,DOL$
2021-07-07,5843.745,5958.527,5833.055,5903.387,45532,1,332900,DOL$
2021-07-08,5947.274,5994.537,5887.632,5931.519,44330,1,325785,DOL$
2021-07-12,5930.957,5960.215,5823.489,5833.055,38294,1,271475,DOL$
2021-07-13,5838.681,5888.758,5805.484,5822.927,40724,1,297020,DOL$
2021-07-14,5793.669,5815.05,5712.646,5717.71,39520,1,263030,DOL$
2021-07-15,5730.089,5791.981,5696.892,5764.973,35850,1,252700,DOL$
2021-07-16,5754.283,5778.477,5717.71,5762.16,33968,1,222635,DOL$
2021-07-19,5816.175,5925.33,5806.047,5918.016,42009,1,294460,DOL$
2021-07-20,5907.888,5965.279,5861.187,5883.131,37636,1,268660,DOL$
2021-07-21,5894.384,5945.586,5836.993,5845.433,41647,1,307015,DOL$
2021-07-22,5836.431,5884.819,5821.802,5857.812,28977,1,191435,DOL$
2021-07-23,5855.561,5892.696,5809.986,5855.561,32730,1,222235,DOL$
2021-07-26,5843.182,5889.32,5800.983,5827.991,30290,1,206575,DOL$
2021-07-27,5843.182,5861.75,5796.482,5818.988,34803,1,250975,DOL$
2021-07-28,5819.551,5844.308,5746.406,5761.035,45547,1,326485,DOL$
2021-07-29,5738.528,5738.528,5673.823,5715.46,37809,1,280420,DOL$
2021-07-30,5709.856,5882.441,5709.856,5864.51,47409,1,374940,DOL$
2021-08-02,5838.174,5871.794,5753.563,5824.165,41267,1,301100,DOL$
2021-08-03,5809.036,5933.431,5808.476,5849.941,52408,1,374220,DOL$
2021-08-04,5832.01,5900.371,5809.597,5812.959,43994,1,277910,DOL$
2021-08-05,5760.287,5912.139,5747.399,5905.975,54719,1,368295,DOL$
2021-08-06,5885.803,5931.19,5852.182,5881.32,41181,1,280620,DOL$
2021-08-09,5879.079,5956.405,5861.708,5883.001,43249,1,276055,DOL$
2021-08-10,5889.165,5914.94,5828.088,5833.131,39035,1,249500,DOL$
2021-08-11,5839.855,5882.441,5803.433,5876.277,43945,1,290085,DOL$
2021-08-12,5867.872,5911.018,5853.303,5900.371,38012,1,261205,DOL$
2021-08-13,5892.527,5932.871,5864.51,5898.13,38024,1,252030,DOL$
2021-08-16,5927.268,5951.362,5872.355,5905.415,36382,1,246575,DOL$
2021-08-17,5933.992,5955.845,5879.639,5945.199,50297,1,336035,DOL$
2021-08-18,5931.75,6058.947,5908.216,6047.18,54040,1,362695,DOL$
2021-08-19,6082.482,6123.947,6038.775,6080.24,54040,1,398520,DOL$
2021-08-20,6113.3,6145.8,6021.965,6032.612,49622,1,330915,DOL$
2021-08-23,6021.965,6061.189,5997.87,6038.215,37769,1,252065,DOL$
2021-08-24,6018.043,6018.603,5884.682,5891.406,45986,1,305740,DOL$
2021-08-25,5905.975,5911.578,5838.734,5847.139,37630,1,278420,DOL$
2021-08-26,5856.665,5906.535,5850.501,5905.415,35938,1,260390,DOL$
2021-08-27,5891.406,5898.69,5815.76,5830.889,41632,1,288580,DOL$
2021-08-30,5827.527,5858.346,5808.476,5811.278,31037,1,242825,DOL$
2021-08-31,5807.372,5824.11,5733.169,5778.36,53531,1,394085,DOL$
2021-09-01,5773.339,5822.994,5760.507,5811.278,36824,1,275530,DOL$
2021-09-02,5791.75,5824.11,5759.391,5807.93,45149,1,301315,DOL$
2021-09-03,5791.75,5824.668,5746.559,5820.204,37244,1,244360,DOL$
2021-09-06,5807.93,5835.826,5772.223,5787.845,11974,1,82825,DOL$
2021-09-08,5820.204,5971.958,5816.299,5951.873,54152,1,347535,DOL$
2021-09-09,5937.367,5970.842,5814.067,5834.71,56331,1,373295,DOL$
2021-09-10,5784.497,5899.987,5784.497,5878.228,40756,1,266530,DOL$
2021-09-13,5858.143,5865.396,5820.204,5840.289,30383,1,205905,DOL$
2021-09-14,5859.259,5888.828,5816.857,5873.207,32304,1,232395,DOL$
2021-09-15,5861.49,5896.639,5832.478,5849.216,36906,1,245475,DOL$
2021-09-16,5858.143,5904.45,5850.89,5875.438,29581,1,215285,DOL$
2021-09-17,5879.344,5978.653,5870.975,5910.587,43409,1,305005,DOL$
2021-09-20,5946.294,6011.012,5932.346,5956.336,42919,1,291775,DOL$
2021-09-21,5936.251,5965.821,5882.133,5891.618,39631,1,269470,DOL$
2021-09-22,5874.88,5943.504,5865.954,5912.819,43314,1,314370,DOL$
2021-09-23,5880.459,5934.02,5872.649,5927.882,32286,1,243775,DOL$
2021-09-24,5942.388,5980.327,5938.483,5962.473,31869,1,225565,DOL$
2021-09-27,5941.83,6023.844,5926.209,6022.171,38065,1,287650,DOL$
2021-09-28,6032.213,6085.773,6014.918,6061.783,49260,1,369015,DOL$
2021-09-29,6052.856,6077.963,6016.034,6046.161,41549,1,328110,DOL$
2021-09-30,6046.717,6117.338,5997.227,6082.306,61989,1,480875,DOL$
2021-10-01,6052.834,6067.848,5979.989,5988.33,40296,1,311445,DOL$
2021-10-04,6016.689,6096.208,6000.563,6091.759,32564,1,232520,DOL$
2021-10-05,6072.297,6127.348,6057.283,6118.45,33053,1,228220,DOL$
2021-10-06,6142.362,6180.73,6112.334,6135.689,43062,1,294720,DOL$
2021-10-07,6105.661,6170.721,6102.88,6159.044,34196,1,235905,DOL$
2021-10-08,6139.025,6171.833,6108.997,6150.147,39506,1,275840,DOL$
2021-10-11,6130.128,6185.179,6126.792,6177.95,22532,1,145315,DOL$
2021-10-13,6150.703,6215.763,6133.464,6150.147,45821,1,330855,DOL$
2021-10-14,6104.549,6166.273,6098.432,6149.59,36578,1,250730,DOL$
2021-10-15,6111.222,6138.469,6057.839,6088.423,38362,1,261390,DOL$
2021-10-18,6085.086,6176.838,6083.974,6145.142,36730,1,266175,DOL$
2021-10-19,6180.174,6253.02,6166.273,6225.772,50608,1,352560,DOL$
2021-10-20,6219.099,6241.342,6149.59,6236.338,46692,1,332265,DOL$
2021-10-21,6309.739,6338.099,6260.805,6301.954,53183,1,402605,DOL$
2021-10-22,6335.318,6407.607,6259.693,6286.94,56841,1,419690,DOL$
2021-10-25,6289.164,6301.954,6164.604,6185.735,39026,1,270945,DOL$
2021-10-26,6175.726,6240.23,6174.614,6195.188,32533,1,265790,DOL$
2021-10-27,6197.969,6222.436,6160.712,6160.712,38739,1,284495,DOL$
2021-10-28,6182.955,6300.842,6182.399,6278.599,50142,1,343035,DOL$
2021-10-29,6282.47,6299.061,6227.167,6260.349,48943,1,354755,DOL$
2021-11-01,6254.818,6325.607,6251.5,6318.417,25004,1,183015,DOL$
2021-11-03,6316.205,6335.008,6165.227,6172.416,44741,1,335345,DOL$
2021-11-04,6175.735,6253.712,6175.735,6229.379,34031,1,238930,DOL$
2021-11-05,6229.379,6232.697,6113.795,6149.742,36993,1,260035,DOL$
2021-11-08,6174.075,6217.212,6149.189,6163.015,25702,1,186280,DOL$
2021-11-09,6160.803,6160.803,6056.832,6082.272,35269,1,246500,DOL$
2021-11-10,6113.242,6114.348,6033.052,6095.545,41406,1,287860,DOL$
2021-11-11,6058.491,6092.779,5979.96,5988.256,31045,1,220415,DOL$
2021-11-12,5994.339,6066.787,5984.938,6058.491,32840,1,262245,DOL$
2021-11-16,6039.135,6109.923,6021.991,6105.499,33449,1,241815,DOL$
2021-11-17,6085.59,6137.575,6060.15,6127.621,31025,1,213250,DOL$
2021-11-18,6125.961,6182.371,6124.302,6158.59,26473,1,203670,DOL$
2021-11-19,6171.863,6221.636,6118.219,6215.553,32560,1,234500,DOL$
2021-11-22,6209.47,6218.871,6163.568,6184.583,25704,1,190430,DOL$
2021-11-23,6210.023,6270.303,6164.121,6167.439,33382,1,223645,DOL$
2021-11-24,6175.181,6224.402,6149.742,6208.364,28117,1,198695,DOL$
2021-11-25,6189.007,6197.303,6141.999,6161.356,16062,1,113925,DOL$
2021-11-26,6279.705,6279.705,6166.886,6210.576,34173,1,287670,DOL$
2021-11-29,6191.219,6239.333,6173.522,6199.515,30745,1,268640,DOL$
2021-11-30,6201.713,6272.606,6172.037,6218.2,49982,1,379000,DOL$
2021-12-01,6173.686,6300.083,6168.19,6298.984,30783,1,232035,DOL$
2021-12-02,6262.714,6280.849,6207.758,6240.732,31569,1,224605,DOL$
2021-12-03,6245.128,6285.245,6191.272,6250.074,31450,1,233710,DOL$
2021-12-06,6231.939,6301.732,6229.191,6292.39,23538,1,177770,DOL$
2021-12-07,6257.218,6268.759,6197.317,6205.56,29308,1,205310,DOL$
2021-12-08,6193.47,6226.443,6103.893,6111.037,31866,1,244370,DOL$
2021-12-09,6108.839,6183.028,6093.451,6152.803,26183,1,198160,DOL$
2021-12-10,6141.262,6220.948,6137.965,6200.614,30117,1,220690,DOL$
2021-12-13,6185.227,6270.957,6182.479,6265.461,30841,1,249485,DOL$
2021-12-14,6256.119,6286.344,6198.965,6267.66,31377,1,240985,DOL$
2021-12-15,6270.407,6325.363,6242.38,6266.011,33956,1,284195,DOL$
2021-12-16,6255.569,6312.174,6239.083,6270.407,31687,1,245465,DOL$
2021-12-17,6266.011,6300.083,6239.083,6279.2,29697,1,259595,DOL$
2021-12-20,6292.39,6330.309,6267.66,6324.264,28427,1,224625,DOL$
2021-12-21,6303.381,6340.75,6289.642,6325.912,22941,1,184025,DOL$
2021-12-22,6314.372,6322.615,6216.551,6223.695,25044,1,187225,DOL$
2021-12-23,6231.389,6293.489,6194.569,6234.137,30530,1,249510,DOL$
2021-12-27,6237.434,6277.002,6182.479,6190.722,19406,1,193520,DOL$
2021-12-28,6180.281,6225.894,6178.632,6185.776,18781,1,167045,DOL$
2021-12-29,6194.019,6276.453,6181.929,6266.011,19496,1,171285,DOL$
2021-12-30,6254.56,6262.194,6093.152,6119.871,39170,1,309395,DOL$
2022-01-03,6119.871,6247.471,6102.422,6242.018,27821,1,242510,DOL$
2022-01-04,6218.025,6267.102,6186.943,6230.567,29634,1,223090,DOL$
2022-01-05,6232.748,6278.553,6189.669,6254.56,30545,1,221955,DOL$
2022-01-06,6243.654,6279.098,6218.57,6232.203,25015,1,195985,DOL$
2022-01-07,6228.931,6260.013,6160.769,6178.218,26302,1,198590,DOL$
2022-01-10,6186.943,6238.201,6170.584,6205.483,21519,1,164325,DOL$
2022-01-11,6196.758,6217.48,6095.878,6100.241,31790,1,249990,DOL$
2022-01-12,6107.329,6134.049,6045.711,6059.889,32934,1,246330,DOL$
2022-01-13,6078.974,6081.701,6021.173,6050.619,32016,1,231060,DOL$
2022-01-14,6051.709,6076.793,6027.171,6054.981,28923,1,203125,DOL$
2022-01-17,6056.072,6064.796,6012.448,6033.169,16476,1,116725,DOL$
2022-01-18,6058.253,6106.239,6021.173,6087.699,33523,1,232915,DOL$
2022-01-19,6068.613,6071.34,5945.376,5948.648,36763,1,257800,DOL$
2022-01-20,5947.557,5969.915,5878.85,5925.745,37277,1,271780,DOL$
2022-01-21,5943.195,5982.456,5903.934,5969.369,36210,1,273585,DOL$
2022-01-24,5987.909,6034.805,5972.641,5991.726,33891,1,241815,DOL$
2022-01-25,6009.176,6029.352,5927.381,5943.74,30836,1,220360,DOL$
2022-01-26,5925.2,5967.733,5886.484,5931.744,40757,1,285255,DOL$
2022-01-27,5925.2,5931.198,5841.77,5900.662,46677,1,337995,DOL$
2022-01-28,5923.019,5926.836,5853.221,5855.402,31176,1,241275,DOL$
2022-01-31,5857.027,5888.441,5765.494,5786.617,41906,1,332450,DOL$
2022-02-01,5775.785,5800.699,5741.663,5742.746,30649,1,251830,DOL$
2022-02-02,5741.121,5795.283,5730.831,5737.872,30290,1,256440,DOL$
2022-02-03,5750.329,5801.241,5745.454,5761.703,32548,1,247535,DOL$
2022-02-04,5774.16,5829.405,5753.037,5805.032,32150,1,246345,DOL$
2022-02-07,5784.992,5797.449,5717.29,5728.123,26102,1,179125,DOL$
2022-02-08,5730.289,5758.453,5717.29,5724.331,25296,1,185150,DOL$
2022-02-09,5714.041,5757.37,5673.961,5698.334,36902,1,256255,DOL$
2022-02-10,5696.167,5716.749,5627.924,5704.291,44718,1,333700,DOL$
2022-02-11,5686.96,5725.956,5633.882,5711.874,42313,1,280665,DOL$
2022-02-14,5709.708,5724.331,5647.422,5660.962,34580,1,236115,DOL$
2022-02-15,5642.547,5669.086,5604.634,5604.634,29742,1,226445,DOL$
2022-02-16,5601.385,5624.132,5564.555,5579.178,36290,1,295335,DOL$
2022-02-17,5592.719,5625.757,5565.638,5612.759,28812,1,227645,DOL$
2022-02-18,5606.801,5609.509,5542.89,5574.304,35428,1,244710,DOL$
2022-02-21,5570.513,5592.177,5504.977,5538.016,27999,1,201050,DOL$
2022-02-22,5526.642,5527.183,5470.314,5484.396,39956,1,308520,DOL$
2022-02-23,5471.397,5475.73,5413.444,5432.401,41998,1,326900,DOL$
2022-02-24,5482.771,5596.51,5456.232,5554.806,62339,1,432955,DOL$
2022-02-25,5544.606,5610.096,5501.662,5595.602,49419,1,402270,DOL$
2022-03-02,5653.577,5655.187,5502.736,5523.671,27569,1,232615,DOL$
2022-03-03,5525.818,5536.554,5433.489,5447.982,45749,1,324370,DOL$
2022-03-04,5463.55,5517.23,5437.246,5479.654,43070,1,291345,DOL$
2022-03-07,5488.779,5531.186,5439.394,5524.745,43256,1,298105,DOL$
2022-03-08,5494.684,5512.935,5453.35,5467.307,48028,1,350245,DOL$
2022-03-09,5432.415,5441.541,5386.787,5415.238,36401,1,296475,DOL$
2022-03-10,5432.415,5482.874,5412.554,5416.848,32943,1,259390,DOL$
2022-03-11,5393.766,5487.169,5381.956,5479.654,31301,1,227250,DOL$
2022-03-14,5459.255,5546.217,5436.71,5531.186,35634,1,266100,DOL$
2022-03-15,5508.104,5577.888,5495.758,5568.226,32455,1,239505,DOL$
2022-03-16,5538.702,5560.174,5469.991,5478.58,44627,1,329450,DOL$
2022-03-17,5474.286,5505.42,5420.069,5435.099,35271,1,262075,DOL$
2022-03-18,5443.151,5469.454,5381.419,5416.311,34108,1,287505,DOL$
2022-03-21,5410.943,5418.458,5312.172,5320.761,35120,1,249815,DOL$
2022-03-22,5314.319,5330.423,5281.575,5287.479,33958,1,281730,DOL$
2022-03-23,5294.458,5297.142,5189.245,5191.392,41331,1,325835,DOL$
2022-03-24,5196.223,5226.821,5126.439,5192.466,46254,1,350315,DOL$
2022-03-25,5185.487,5188.708,5086.716,5100.673,34022,1,276310,DOL$
2022-03-28,5094.231,5180.119,5089.4,5124.829,36028,1,292220,DOL$
2022-03-29,5088.863,5141.47,5069.002,5113.556,37571,1,306460,DOL$
2022-03-30,5114.093,5146.838,5077.591,5123.219,30383,1,276165,DOL$
2022-03-31,5126.413,5147.179,5068.376,5092.337,44936,1,355230,DOL$
2022-04-01,5080.09,5084.882,4992.236,4995.963,36064,1,284925,DOL$
2022-04-04,4990.106,5013.534,4921.421,4929.407,27916,1,222980,DOL$
2022-04-05,4925.148,5010.339,4913.434,4989.574,38827,1,284620,DOL$
2022-04-06,4983.185,5063.584,4979.457,5059.857,36471,1,253360,DOL$
2022-04-07,5043.884,5111.505,5023.118,5094.466,34233,1,237830,DOL$
2022-04-08,5080.623,5131.738,5025.248,5030.573,34499,1,233240,DOL$
2022-04-11,5037.494,5072.636,5006.612,5020.456,29967,1,224050,DOL$
2022-04-12,5016.729,5022.586,4944.848,4999.158,35388,1,261180,DOL$
2022-04-13,4999.691,5031.637,4975.73,5017.261,30110,1,221480,DOL$
2022-04-14,5019.924,5067.844,5010.872,5023.651,27834,1,206400,DOL$
2022-04-18,5010.339,5031.105,4962.952,4972.003,24542,1,190660,DOL$
2022-04-19,4984.782,5005.015,4956.03,4985.314,32190,1,232115,DOL$
2022-04-20,4963.484,4995.963,4920.356,4935.264,32860,1,259140,DOL$
2022-04-22,5003.95,5163.685,4985.314,5122.154,55380,1,396250,DOL$
2022-04-25,5142.387,5278.693,5123.219,5202.553,57104,1,420700,DOL$
2022-04-26,5228.643,5334.068,5216.397,5331.938,49748,1,350285,DOL$
2022-04-27,5315.965,5371.872,5252.071,5290.94,57975,1,444260,DOL$
2022-04-28,5313.835,5375.067,5258.46,5261.655,44192,1,317035,DOL$
2022-04-29,5208.975,5299.585,5170.519,5286.415,48276,1,397910,DOL$
2022-05-02,5281.673,5414.426,5279.039,5404.944,42319,1,290145,DOL$
2022-05-03,5354.898,5369.649,5268.504,5271.138,38536,1,291230,DOL$
2022-05-04,5283.781,5351.211,5198.439,5227.413,49069,1,355975,DOL$
2022-05-05,5257.441,5371.229,5238.476,5339.094,44593,1,311165,DOL$
2022-05-06,5331.192,5429.177,5315.915,5390.721,47450,1,330740,DOL$
2022-05-09,5457.624,5476.589,5412.846,5476.589,39309,1,262160,DOL$
2022-05-10,5477.642,5478.169,5418.641,5441.82,35924,1,261555,DOL$
2022-05-11,5407.578,5481.857,5398.623,5449.722,41795,1,278315,DOL$
2022-05-12,5482.383,5518.732,5409.685,5438.132,37040,1,299270,DOL$
2022-05-13,5426.016,5453.41,5343.309,5360.693,32091,1,230535,DOL$
2022-05-16,5374.39,5402.837,5325.924,5355.952,38995,1,287415,DOL$
2022-05-17,5299.585,5302.745,5212.136,5225.306,40000,1,297090,DOL$
2022-05-18,5241.637,5287.468,5205.815,5253.753,32869,1,274385,DOL$
2022-05-19,5221.619,5240.583,5158.403,5214.77,37841,1,259530,DOL$
2022-05-20,5183.162,5200.547,5127.322,5156.296,39314,1,289880,DOL$
2022-05-23,5116.259,5123.634,5054.097,5084.651,32769,1,271975,DOL$
2022-05-24,5109.937,5124.161,5041.981,5089.392,43133,1,321140,DOL$
2022-05-25,5107.83,5132.59,5070.954,5089.919,31924,1,264715,DOL$
2022-05-26,5078.33,5106.777,5009.319,5024.069,31464,1,268300,DOL$
2022-05-27,5019.328,5039.873,4970.336,4984.56,33607,1,262830,DOL$
2022-05-30,4962.434,5013.007,4943.996,5010.899,19726,1,147945,DOL$
2022-05-31,5020.303,5037.02,4952.913,4986.869,42624,1,336710,DOL$
2022-06-01,4984.779,5076.722,4975.898,5073.066,34023,1,314030,DOL$
2022-06-02,5044.856,5066.274,5027.094,5054.781,29829,1,216240,DOL$
2022-06-03,5079.857,5088.215,5025.527,5028.661,25238,1,192030,DOL$
2022-06-06,5014.556,5059.483,4999.407,5047.99,23022,1,190750,DOL$
2022-06-07,5062.095,5191.129,5058.438,5123.739,47954,1,325200,DOL$
2022-06-08,5130.008,5161.352,5098.663,5152.471,32859,1,238480,DOL$
2022-06-09,5151.949,5173.89,5116.425,5154.561,34660,1,251500,DOL$
2022-06-10,5151.949,5267.4,5134.187,5241.802,48961,1,334190,DOL$
2022-06-13,5293.52,5396.434,5284.639,5374.493,50069,1,371140,DOL$
2022-06-14,5366.657,5409.494,5340.536,5372.403,36366,1,277490,DOL$
2022-06-15,5344.716,5387.03,5265.31,5305.535,50660,1,360630,DOL$
2022-06-17,5369.269,5406.359,5354.119,5405.837,35894,1,279960,DOL$
2022-06-20,5399.046,5446.584,5386.508,5443.45,25501,1,185710,DOL$
2022-06-21,5428.823,5434.047,5363.522,5374.493,31852,1,236435,DOL$
2022-06-22,5416.285,5443.45,5371.881,5442.405,34510,1,253350,DOL$
2022-06-23,5441.883,5495.168,5410.539,5487.854,37797,1,300670,DOL$
2022-06-24,5472.705,5523.378,5448.674,5489.422,36719,1,251580,DOL$
2022-06-27,5492.556,5520.243,5443.972,5482.63,27864,1,233555,DOL$
2022-06-28,5472.705,5521.811,5426.733,5511.885,36431,1,286520,DOL$
2022-06-29,5495.69,5497.258,5412.628,5420.987,38834,1,298980,DOL$
2022-06-30,5461.941,5509.634,5423.579,5490.972,42702,1,365570,DOL$
2022-07-01,5525.187,5579.101,5515.337,5570.288,39571,1,308950,DOL$
2022-07-04,5535.555,5573.917,5525.705,5570.806,14741,1,118695,DOL$
2022-07-05,5592.579,5643.902,5586.877,5627.831,32575,1,245170,DOL$
2022-07-06,5644.939,5702.482,5631.46,5664.12,36102,1,267900,DOL$
2022-07-07,5642.347,5651.16,5562.512,5573.398,29561,1,216470,DOL$
2022-07-08,5589.469,5600.874,5478.53,5484.751,32591,1,214680,DOL$
2022-07-11,5541.776,5616.426,5526.223,5605.54,26581,1,190915,DOL$
2022-07-12,5606.576,5673.969,5598.8,5668.267,28918,1,214885,DOL$
2022-07-13,5648.567,5695.224,5587.395,5617.463,35164,1,233675,DOL$
2022-07-14,5698.853,5717.516,5639.236,5645.457,39981,1,264860,DOL$
2022-07-15,5634.052,5672.933,5595.69,5631.46,29720,1,202155,DOL$
2022-07-18,5602.948,5658.936,5570.288,5658.417,28733,1,194210,DOL$
2022-07-19,5624.721,5649.086,5580.656,5627.831,30451,1,210030,DOL$
2022-07-20,5641.31,5688.485,5602.948,5688.485,34452,1,241400,DOL$
2022-07-21,5677.598,5730.476,5642.865,5712.332,39388,1,265645,DOL$
2022-07-22,5693.151,5717.516,5645.457,5711.813,31177,1,202580,DOL$
2022-07-25,5687.966,5689.003,5562.512,5562.512,32798,1,222055,DOL$
2022-07-26,5588.432,5597.764,5537.628,5555.254,34719,1,323095,DOL$
2022-07-27,5539.702,5551.107,5432.91,5440.686,41772,1,327825,DOL$
2022-07-28,5458.83,5469.717,5351.002,5378.477,41128,1,303075,DOL$
2022-07-29,5357.921,5407.256,5337.879,5367.171,39944,1,332965,DOL$
2022-08-01,5344.56,5394.408,5319.379,5383.616,32311,1,279540,DOL$
2022-08-02,5397.492,5478.174,5378.991,5470.979,33626,1,235475,DOL$
2022-08-03,5438.09,5507.466,5434.492,5477.66,30364,1,213610,DOL$
2022-08-04,5476.118,5484.855,5385.672,5396.978,30971,1,212670,DOL$
2022-08-05,5416.506,5463.785,5338.907,5347.643,40938,1,283455,DOL$
2022-08-08,5324.004,5330.685,5281.864,5289.059,27517,1,214760,DOL$
2022-08-09,5295.739,5329.657,5268.503,5301.392,27911,1,197425,DOL$
2022-08-10,5293.684,5316.809,5205.293,5267.475,36687,1,269655,DOL$
2022-08-11,5255.655,5344.56,5230.988,5333.254,36571,1,267925,DOL$
2022-08-12,5327.601,5336.337,5233.044,5245.377,31400,1,234550,DOL$
2022-08-15,5278.781,5309.101,5241.78,5266.447,25647,1,213145,DOL$
2022-08-16,5290.6,5321.434,5277.753,5316.809,29658,1,237770,DOL$
2022-08-17,5344.56,5380.019,5312.184,5330.685,33069,1,249890,DOL$
2022-08-18,5332.74,5371.283,5290.6,5334.282,30308,1,236475,DOL$
2022-08-19,5365.63,5382.588,5327.601,5332.74,33145,1,246315,DOL$
2022-08-22,5344.56,5364.602,5308.587,5315.781,31567,1,234055,DOL$
2022-08-23,5284.434,5309.615,5224.307,5258.225,38134,1,261435,DOL$
2022-08-24,5263.878,5276.211,5234.585,5266.447,29429,1,223825,DOL$
2022-08-25,5239.21,5294.712,5236.641,5260.28,34004,1,249500,DOL$
2022-08-26,5261.308,5266.447,5202.21,5210.946,42940,1,295225,DOL$
2022-08-29,5226.363,5237.155,5153.903,5173.431,33422,1,247875,DOL$
2022-08-30,5151.333,5270.558,5151.333,5268.503,34385,1,300035,DOL$
2022-08-31,5273.602,5356.209,5273.092,5328.163,49234,1,426265,DOL$
2022-09-01,5347.03,5400.572,5287.88,5384.765,41374,1,381700,DOL$
2022-09-02,5369.467,5376.606,5297.058,5307.767,34206,1,254525,DOL$
2022-09-05,5323.064,5330.203,5288.899,5293.489,14937,1,146730,DOL$
2022-09-06,5303.177,5391.903,5300.628,5367.427,32108,1,290160,DOL$
2022-09-08,5343.461,5375.586,5314.395,5351.11,34893,1,244905,DOL$
2022-09-09,5313.376,5336.322,5273.602,5283.8,26095,1,204610,DOL$
2022-09-12,5245.556,5267.483,5211.391,5219.55,24021,1,194995,DOL$
2022-09-13,5206.802,5337.342,5204.253,5311.336,46682,1,329840,DOL$
2022-09-14,5315.925,5325.104,5276.661,5290.939,27074,1,209005,DOL$
2022-09-15,5299.608,5375.586,5299.098,5370.997,28260,1,218700,DOL$
2022-09-16,5374.566,5434.737,5371.507,5376.606,37364,1,290690,DOL$
2022-09-19,5416.89,5424.538,5260.344,5291.959,34715,1,278725,DOL$
2022-09-20,5324.084,5340.401,5256.774,5260.344,36652,1,305545,DOL$
2022-09-21,5259.324,5308.276,5233.318,5286.35,43213,1,310285,DOL$
2022-09-22,5246.066,5298.588,5217.511,5229.239,36158,1,299155,DOL$
2022-09-23,5282.78,5381.195,5280.231,5373.036,36963,1,325405,DOL$
2022-09-26,5405.161,5531.622,5405.161,5506.126,46302,1,349185,DOL$
2022-09-27,5466.862,5497.457,5407.711,5491.338,39159,1,338320,DOL$
2022-09-28,5522.953,5534.171,5430.657,5479.61,41980,1,301510,DOL$
2022-09-29,5500.517,5539.271,5482.159,5505.616,37258,1,311035,DOL$
2022-09-30,5500.045,5534.987,5435.732,5499.539,36245,1,358620,DOL$
2022-10-03,5367.874,5414.97,5255.453,5268.619,43553,1,316405,DOL$
2022-10-04,5245.325,5320.779,5207.851,5273.683,38847,1,328855,DOL$
2022-10-05,5309.638,5341.035,5258.491,5290.901,29507,1,228465,DOL$
2022-10-06,5284.824,5325.336,5267.606,5315.208,27930,1,234835,DOL$
2022-10-07,5303.055,5343.567,5285.33,5291.407,28710,1,248045,DOL$
2022-10-10,5278.747,5308.625,5254.44,5275.202,23005,1,166580,DOL$
2022-10-11,5270.138,5396.233,5267.1,5383.066,30412,1,230695,DOL$
2022-10-13,5347.618,5472.193,5318.247,5347.112,46296,1,321585,DOL$
2022-10-14,5364.836,5421.553,5327.362,5409.399,34987,1,247975,DOL$
2022-10-17,5357.746,5388.13,5337.49,5365.849,27912,1,215705,DOL$
2022-10-18,5352.176,5380.028,5314.195,5322.804,32343,1,250235,DOL$
2022-10-19,5358.759,5379.521,5334.452,5349.644,26376,1,205745,DOL$
2022-10-20,5326.856,5335.971,5271.151,5291.407,32770,1,252180,DOL$
2022-10-21,5308.625,5353.188,5215.447,5236.716,53235,1,363865,DOL$
2022-10-24,5278.747,5384.585,5278.747,5374.964,41459,1,306095,DOL$
2022-10-25,5366.861,5431.175,5349.137,5388.637,34745,1,244570,DOL$
2022-10-26,5365.849,5459.533,5352.176,5457.508,38517,1,308270,DOL$
2022-10-27,5461.559,5469.155,5311.157,5403.322,44188,1,341360,DOL$
2022-10-28,5410.918,5452.444,5350.15,5369.9,33415,1,380875,DOL$
2022-10-31,5475.074,5477.59,5219.436,5246.61,58452,1,429235,DOL$
2022-11-01,5212.894,5271.771,5146.972,5202.326,54452,1,383885,DOL$
2022-11-03,5261.203,5287.371,5148.985,5177.165,44569,1,340875,DOL$
2022-11-04,5125.333,5173.139,5078.03,5116.275,40653,1,296530,DOL$
2022-11-07,5118.791,5231.513,5102.688,5227.991,38268,1,281550,DOL$
2022-11-08,5239.062,5303.474,5184.21,5207.359,39236,1,291990,DOL$
2022-11-09,5221.449,5254.158,5189.242,5239.565,31711,1,230210,DOL$
2022-11-10,5294.416,5470.041,5294.416,5407.642,76378,1,531590,DOL$
2022-11-11,5384.996,5460.983,5302.971,5407.642,47741,1,328010,DOL$
2022-11-14,5401.603,5405.125,5313.539,5394.055,32944,1,250450,DOL$
2022-11-16,5379.461,5459.977,5339.203,5453.435,41515,1,318475,DOL$
2022-11-17,5550.557,5583.77,5439.345,5480.106,46728,1,346805,DOL$
2022-11-18,5437.835,5444.377,5377.951,5423.745,38329,1,291750,DOL$
2022-11-21,5428.274,5428.777,5342.222,5366.377,30222,1,231010,DOL$
2022-11-22,5354.3,5442.364,5325.113,5404.622,34458,1,237440,DOL$
2022-11-23,5394.055,5454.945,5385.5,5406.132,29427,1,226300,DOL$
2022-11-24,5364.364,5381.977,5340.21,5349.268,18248,1,124185,DOL$
2022-11-25,5357.319,5464.506,5344.235,5447.396,26725,1,217865,DOL$
2022-11-28,5459.977,5469.035,5385.5,5402.106,23596,1,188675,DOL$
2022-11-29,5366.377,5370.403,5304.481,5307.5,29817,1,352490,DOL$
2022-11-30,5300.5,5348.0,5204.0,5213.5,41953,1,344705,DOL$
2022-12-01,5227.0,5247.5,5194.5,5214.5,28954,1,240555,DOL$
2022-12-02,5210.0,5270.5,5193.5,5247.0,27841,1,194420,DOL$
2022-12-05,5240.0,5320.0,5236.0,5310.0,21149,1,171645,DOL$
2022-12-06,5304.5,5304.5,5246.0,5263.0,12253,0,141935,DOL$
